Model,Threshold,Precision,Recall,F1,PR-AUC,ROC-AUC,TN,FP,FN,TP
Logistic Regression,0.3,0.1147,0.9568,0.2049,0.1281,0.7634,1533,1366,8,177
Logistic Regression,0.4,0.1199,0.9459,0.2128,0.1281,0.7634,1614,1285,10,175
Logistic Regression,0.5,0.1187,0.8757,0.209,0.1281,0.7634,1696,1203,23,162
Logistic Regression,0.6,0.12,0.7459,0.2067,0.1281,0.7634,1887,1012,47,138
Logistic Regression,0.7,0.1225,0.2324,0.1604,0.1281,0.7634,2591,308,142,43
Random Forest,0.3,0.1119,0.973,0.2008,0.1769,0.7971,1471,1428,5,180
Random Forest,0.4,0.1203,0.9676,0.214,0.1769,0.7971,1590,1309,6,179
Random Forest,0.5,0.1247,0.9459,0.2204,0.1769,0.7971,1671,1228,10,175
Random Forest,0.6,0.1351,0.8486,0.2331,0.1769,0.7971,1894,1005,28,157
Random Forest,0.7,0.2188,0.0378,0.0645,0.1769,0.7971,2874,25,178,7
XGBoost,0.3,0.1248,0.9243,0.2199,0.1872,0.7913,1700,1199,14,171
XGBoost,0.4,0.1297,0.9027,0.2267,0.1872,0.7913,1778,1121,18,167
XGBoost,0.5,0.1309,0.8432,0.2266,0.1872,0.7913,1863,1036,29,156
XGBoost,0.6,0.1307,0.6811,0.2193,0.1872,0.7913,2061,838,59,126
XGBoost,0.7,0.1686,0.3081,0.218,0.1872,0.7913,2618,281,128,57
