claim_id,filed_at,investigation_days,label_available_at,is_fraud,total_claim_amount,injury_claim,property_claim,vehicle_claim,incident_severity,witnesses,police_report_available,bodily_injuries,number_of_vehicles_involved,policy_annual_premium,months_as_customer,age,umbrella_limit
CLM-0001,2015-01-01,16,2015-01-17,0,88220,16040,16040,56140,1,1,0,2,3,1366.6,128,35,0
CLM-0002,2015-01-01,29,2015-01-30,1,97080,16180,16180,64720,2,1,unknown,1,1,1737.66,116,34,0
CLM-0003,2015-01-01,24,2015-01-25,1,80740,7340,14680,58720,2,2,1,2,3,1312.75,253,41,0
CLM-0004,2015-01-01,20,2015-01-21,0,52200,10440,5220,36540,2,1,1,0,1,1114.23,45,37,0
CLM-0005,2015-01-01,17,2015-01-18,1,6300,630,1260,4410,1,2,0,1,1,791.47,389,53,0
CLM-0006,2015-01-01,30,2015-01-31,0,76600,15320,7660,53620,3,0,unknown,0,1,1245.89,192,35,0
CLM-0007,2015-01-01,16,2015-01-17,0,3200,640,320,2240,0,2,0,1,1,773.99,95,28,0
CLM-0008,2015-01-01,28,2015-01-29,0,65520,10920,5460,49140,3,2,unknown,1,3,1117.04,406,58,0
CLM-0009,2015-01-01,20,2015-01-21,0,47160,0,5240,41920,1,0,unknown,1,3,1187.96,460,62,4000000
CLM-0010,2015-01-01,20,2015-01-21,0,4320,480,480,3360,1,3,1,1,1,1141.62,295,49,0
CLM-0011,2015-01-01,30,2015-01-31,1,51900,5190,10380,36330,1,3,1,0,3,1101.83,230,43,0
CLM-0012,2015-01-01,13,2015-01-14,1,79800,13300,6650,59850,2,1,1,2,1,1836.02,123,28,0
CLM-0013,2015-01-01,17,2015-01-18,0,37800,8400,4200,25200,1,1,0,1,1,1264.99,209,39,0
CLM-0014,2015-01-01,12,2015-01-13,0,3690,410,410,2870,1,0,0,0,1,1439.34,200,40,0
CLM-0015,2015-01-01,30,2015-01-31,0,4100,820,410,2870,0,0,unknown,2,1,999.43,286,41,0
CLM-0016,2015-01-01,11,2015-01-12,0,5900,590,590,4720,0,1,1,2,1,1115.27,61,29,0
CLM-0017,2015-01-01,21,2015-01-22,0,67800,11300,11300,45200,3,1,unknown,0,4,1508.9,126,28,0
CLM-0018,2015-01-01,15,2015-01-16,0,8700,870,1740,6090,1,0,unknown,0,1,1151.39,236,39,4000000
CLM-0019,2015-01-01,11,2015-01-12,0,86790,7890,23670,55230,1,3,1,2,1,854.58,1,29,0
CLM-0020,2015-01-02,30,2015-02-01,0,7590,1380,690,5520,0,0,unknown,2,1,1074.99,128,35,0
CLM-0021,2015-01-02,10,2015-01-12,0,57060,6340,6340,44380,3,2,1,0,3,1537.13,259,43,0
CLM-0022,2015-01-02,21,2015-01-23,1,64800,6480,12960,45360,2,3,1,0,3,1354.5,150,31,0
CLM-0023,2015-01-02,21,2015-01-23,1,68200,13640,6820,47740,2,3,1,1,1,1521.55,218,43,0
CLM-0024,2015-01-02,26,2015-01-28,0,5900,1180,590,4130,1,3,0,0,1,433.33,101,27,0
CLM-0025,2015-01-02,19,2015-01-21,1,50800,10160,5080,35560,2,2,0,1,3,617.11,157,32,0
CLM-0026,2015-01-02,25,2015-01-27,0,7040,1280,640,5120,1,1,1,1,1,1215.85,19,32,0
CLM-0027,2015-01-02,24,2015-01-26,0,32800,3280,3280,26240,3,2,1,1,1,1611.83,266,44,0
CLM-0028,2015-01-02,24,2015-01-26,0,7800,780,780,6240,1,2,unknown,1,1,984.45,210,39,0
CLM-0029,2015-01-02,28,2015-01-30,0,60840,13520,6760,40560,3,1,0,1,1,1328.26,126,31,0
CLM-0030,2015-01-02,21,2015-01-23,1,64100,6410,6410,51280,2,2,0,0,3,1351.1,256,39,0
CLM-0031,2015-01-03,29,2015-02-01,1,78980,7180,14360,57440,2,1,0,1,1,1230.76,206,42,0
CLM-0032,2015-01-03,12,2015-01-15,0,61740,6860,6860,48020,1,0,0,1,1,1397.0,246,44,0
CLM-0033,2015-01-03,14,2015-01-17,1,60190,4630,9260,46300,3,1,0,1,3,817.28,270,41,0
CLM-0034,2015-01-03,28,2015-01-31,0,40000,8000,4000,28000,1,2,unknown,2,1,1451.62,79,26,0
CLM-0035,2015-01-03,16,2015-01-19,0,87780,7980,7980,71820,1,1,0,1,1,1175.07,259,45,0
CLM-0036,2015-01-03,30,2015-02-02,0,5590,860,860,3870,1,1,1,1,1,1013.61,308,47,6000000
CLM-0037,2015-01-03,18,2015-01-21,0,90400,9040,9040,72320,1,0,0,0,1,1343.0,80,26,0
CLM-0038,2015-01-03,16,2015-01-19,0,6600,660,1320,4620,0,1,unknown,2,1,1267.81,244,40,5000000
CLM-0039,2015-01-03,27,2015-01-30,0,81800,16360,8180,57260,1,3,1,0,3,1326.62,430,59,7000000
CLM-0040,2015-01-03,13,2015-01-16,1,74800,13600,6800,54400,2,1,unknown,1,1,1055.6,250,42,0
CLM-0041,2015-01-03,23,2015-01-26,0,60480,5040,15120,40320,3,2,1,2,3,1133.85,161,38,0
CLM-0042,2015-01-03,27,2015-01-30,1,87890,15980,7990,63920,2,3,1,2,1,625.08,239,39,0
CLM-0043,2015-01-03,18,2015-01-21,0,51800,5180,10360,36260,2,2,1,2,3,1368.57,372,50,0
CLM-0044,2015-01-03,30,2015-02-02,0,58200,5820,5820,46560,3,2,unknown,0,1,1346.27,210,35,0
CLM-0045,2015-01-03,11,2015-01-14,0,90240,15040,15040,60160,1,3,1,2,1,1526.11,354,48,5000000
CLM-0046,2015-01-03,29,2015-02-01,0,55700,5570,11140,38990,3,3,0,2,1,977.4,467,58,0
CLM-0047,2015-01-03,24,2015-01-27,0,57330,12740,6370,38220,1,1,0,2,1,876.88,334,46,6000000
CLM-0048,2015-01-03,16,2015-01-19,0,66660,12120,6060,48480,1,3,1,2,1,1078.65,386,53,0
CLM-0049,2015-01-04,21,2015-01-25,1,59400,13200,6600,39600,2,2,0,0,4,1516.34,310,48,0
CLM-0050,2015-01-04,17,2015-01-21,0,7080,1180,1180,4720,0,0,0,1,1,1441.21,300,49,0
CLM-0051,2015-01-04,24,2015-01-28,0,70290,12780,12780,44730,1,3,0,1,3,1561.41,366,50,0
CLM-0052,2015-01-04,12,2015-01-16,0,55110,5010,10020,40080,2,3,unknown,2,1,1434.27,145,37,0
CLM-0053,2015-01-04,23,2015-01-27,0,54160,6770,6770,40620,2,2,unknown,1,1,1141.71,126,33,2000000
CLM-0054,2015-01-04,26,2015-01-30,0,41490,4610,4610,32270,2,3,0,0,3,1080.13,156,37,0
CLM-0055,2015-01-04,13,2015-01-17,0,100210,18220,18220,63770,1,2,1,2,1,1241.04,254,41,0
CLM-0056,2015-01-04,27,2015-01-31,0,67320,12240,12240,42840,3,0,1,2,1,1192.27,255,45,0
CLM-0057,2015-01-04,17,2015-01-21,0,54450,6050,12100,36300,2,3,1,1,3,1298.85,286,41,6000000
CLM-0058,2015-01-04,13,2015-01-17,0,69360,11560,11560,46240,1,3,unknown,0,1,1425.79,70,29,0
CLM-0059,2015-01-04,11,2015-01-15,0,30700,3070,6140,21490,1,1,1,0,1,855.14,136,33,0
CLM-0060,2015-01-04,15,2015-01-19,0,35000,3500,7000,24500,3,0,unknown,0,1,1327.41,158,33,0
CLM-0061,2015-01-05,19,2015-01-24,0,6700,670,670,5360,1,0,0,1,1,1241.97,47,37,0
CLM-0062,2015-01-05,13,2015-01-18,0,77130,8570,17140,51420,3,0,0,1,4,1053.24,22,25,0
CLM-0063,2015-01-05,27,2015-02-01,1,58160,7270,7270,43620,3,1,1,0,1,1570.86,380,56,0
CLM-0064,2015-01-05,21,2015-01-26,1,49950,5550,5550,38850,1,2,1,0,3,1091.73,113,29,0
CLM-0065,2015-01-05,11,2015-01-16,0,7080,1180,590,5310,0,2,unknown,1,1,1048.46,210,37,0
CLM-0066,2015-01-05,19,2015-01-24,0,42300,4700,4700,32900,3,1,unknown,2,1,1315.68,212,42,0
CLM-0067,2015-01-05,13,2015-01-18,1,51390,5710,5710,39970,1,2,unknown,1,1,1090.32,276,46,0
CLM-0068,2015-01-06,23,2015-01-29,0,73320,6110,12220,54990,2,0,unknown,1,1,1191.8,409,57,6000000
CLM-0069,2015-01-06,25,2015-01-31,0,69300,13860,6930,48510,1,2,unknown,0,3,948.1,276,45,0
CLM-0070,2015-01-06,24,2015-01-30,0,2700,300,300,2100,0,1,0,1,1,1216.68,285,47,0
CLM-0071,2015-01-06,17,2015-01-23,0,76890,6990,13980,55920,2,3,0,0,4,1396.83,239,39,0
CLM-0072,2015-01-06,23,2015-01-29,1,70000,14000,7000,49000,2,0,unknown,0,1,1298.91,453,60,6000000
CLM-0073,2015-01-06,17,2015-01-23,0,38610,3510,3510,31590,2,0,unknown,0,3,1595.28,411,56,0
CLM-0074,2015-01-06,30,2015-02-05,0,4700,470,940,3290,1,3,unknown,1,1,1319.97,127,34,0
CLM-0075,2015-01-06,25,2015-01-31,0,7480,680,680,6120,1,1,1,0,1,1175.51,78,24,0
CLM-0076,2015-01-06,22,2015-01-28,0,83160,6930,13860,62370,2,2,0,2,1,1093.07,138,30,4000000
CLM-0077,2015-01-06,27,2015-02-02,0,54900,5490,5490,43920,2,2,0,0,1,1141.35,296,46,7000000
CLM-0078,2015-01-06,24,2015-01-30,0,87010,7910,15820,63280,3,2,unknown,2,1,1253.12,235,42,4000000
CLM-0079,2015-01-06,30,2015-02-05,0,77880,14160,7080,56640,3,2,1,0,1,708.64,140,31,6000000
CLM-0080,2015-01-06,22,2015-01-28,0,75790,13780,6890,55120,3,0,1,1,1,951.27,90,31,0
CLM-0081,2015-01-06,18,2015-01-24,0,78900,15780,7890,55230,1,2,0,1,1,1276.57,22,26,0
CLM-0082,2015-01-06,24,2015-01-30,0,43230,7860,7860,27510,1,3,1,1,1,1190.6,275,40,0
CLM-0083,2015-01-06,22,2015-01-28,0,77100,15420,7710,53970,3,1,unknown,2,4,1546.01,267,46,0
CLM-0084,2015-01-06,10,2015-01-16,0,62920,11440,5720,45760,1,1,0,1,3,870.63,151,36,0
CLM-0085,2015-01-07,16,2015-01-23,1,69080,12560,6280,50240,2,0,unknown,2,3,785.82,77,26,0
CLM-0086,2015-01-07,18,2015-01-25,0,65500,6550,6550,52400,1,3,unknown,0,3,1281.27,120,28,0
CLM-0087,2015-01-07,10,2015-01-17,0,62920,11440,5720,45760,1,3,unknown,1,1,1161.31,47,34,0
CLM-0088,2015-01-07,21,2015-01-28,0,65040,10840,10840,43360,1,2,unknown,0,3,1573.93,110,28,0
CLM-0089,2015-01-07,17,2015-01-24,0,103560,8630,17260,77670,3,2,unknown,0,1,1480.79,347,51,9000000
CLM-0090,2015-01-07,20,2015-01-27,0,63470,5770,11540,46160,1,2,0,2,1,1581.27,254,41,5000000
CLM-0091,2015-01-07,28,2015-02-04,0,57060,6340,6340,44380,3,1,0,1,3,1198.34,362,50,4000000
CLM-0092,2015-01-07,26,2015-02-02,0,63120,5260,10520,47340,1,2,0,2,1,924.72,69,26,0
CLM-0093,2015-01-07,17,2015-01-24,0,74160,6180,12360,55620,3,0,0,2,3,916.13,126,30,0
CLM-0094,2015-01-07,12,2015-01-19,0,29300,2930,5860,20510,3,3,0,0,3,1453.95,255,39,0
CLM-0095,2015-01-07,12,2015-01-19,0,77040,8560,8560,59920,1,1,1,1,1,1706.79,155,34,0
CLM-0096,2015-01-07,10,2015-01-17,0,5600,1120,560,3920,1,1,1,1,1,1106.84,132,32,0
CLM-0097,2015-01-07,14,2015-01-21,0,81400,8140,8140,65120,2,1,unknown,2,1,1096.79,33,33,6000000
CLM-0098,2015-01-07,19,2015-01-26,0,99990,18180,18180,63630,3,0,1,2,3,1495.06,122,34,0
CLM-0099,2015-01-07,16,2015-01-23,0,70500,7050,14100,49350,1,0,1,2,1,1232.79,446,61,0
CLM-0100,2015-01-07,18,2015-01-25,0,70290,7810,7810,54670,3,0,0,2,1,894.4,159,37,0
CLM-0101,2015-01-07,16,2015-01-23,0,41690,7580,7580,26530,3,1,0,0,3,1459.96,172,33,6000000
CLM-0102,2015-01-07,18,2015-01-25,1,47790,5310,5310,37170,2,2,1,0,3,1443.32,134,30,0
CLM-0103,2015-01-07,17,2015-01-24,1,5720,1040,520,4160,1,1,unknown,2,1,848.07,202,34,3000000
CLM-0104,2015-01-07,21,2015-01-28,1,45120,0,5640,39480,2,0,unknown,2,3,1226.83,41,25,0
CLM-0105,2015-01-07,11,2015-01-18,1,54810,6090,6090,42630,3,1,unknown,1,1,1335.13,414,52,0
CLM-0106,2015-01-07,10,2015-01-17,0,41700,8340,8340,25020,1,2,1,1,3,1256.2,204,40,0
CLM-0107,2015-01-07,25,2015-02-01,0,75460,13720,13720,48020,3,2,unknown,0,1,1221.14,230,43,0
CLM-0108,2015-01-07,14,2015-01-21,0,65790,7310,7310,51170,3,1,0,0,1,1470.06,11,39,0
CLM-0109,2015-01-07,12,2015-01-19,0,63910,5810,11620,46480,3,0,0,2,3,1004.63,163,31,6000000
CLM-0110,2015-01-08,21,2015-01-29,0,66660,6060,6060,54540,2,2,1,2,1,1114.29,219,43,0
CLM-0111,2015-01-08,17,2015-01-25,0,48870,5430,5430,38010,1,0,1,1,3,1524.18,233,39,0
CLM-0112,2015-01-08,12,2015-01-20,1,63570,9780,9780,44010,3,3,1,1,3,1158.03,104,32,0
CLM-0113,2015-01-08,10,2015-01-18,0,65070,7230,14460,43380,3,3,0,2,4,1451.54,343,48,3000000
CLM-0114,2015-01-08,12,2015-01-20,0,60210,6690,6690,46830,1,0,unknown,2,1,671.01,303,43,7000000
CLM-0115,2015-01-08,14,2015-01-22,0,84500,13000,13000,58500,1,0,unknown,2,3,1316.63,91,30,8000000
CLM-0116,2015-01-08,24,2015-02-01,0,79320,13220,6610,59490,1,3,1,2,1,1294.04,263,43,0
CLM-0117,2015-01-08,23,2015-01-31,1,60170,10940,10940,38290,2,3,0,0,1,1262.08,199,37,0
CLM-0118,2015-01-08,12,2015-01-20,0,53680,4880,9760,39040,1,0,unknown,1,3,1231.25,194,38,0
CLM-0119,2015-01-08,10,2015-01-18,0,69840,7760,15520,46560,1,0,1,1,1,1291.7,224,40,0
CLM-0120,2015-01-08,14,2015-01-22,1,42700,0,6100,36600,2,2,unknown,0,3,1195.01,283,41,0
CLM-0121,2015-01-08,23,2015-01-31,1,45540,8280,8280,28980,2,1,1,2,1,1299.18,119,34,0
CLM-0122,2015-01-08,16,2015-01-24,0,63240,10540,10540,42160,3,3,unknown,2,3,1372.27,431,54,0
CLM-0123,2015-01-08,18,2015-01-26,0,2160,480,240,1440,1,2,unknown,1,1,1270.02,266,46,0
CLM-0124,2015-01-08,24,2015-02-01,0,44240,5530,5530,33180,1,0,unknown,0,1,1231.98,251,39,0
CLM-0125,2015-01-08,24,2015-02-01,1,46800,4680,9360,32760,2,2,0,1,1,1452.27,282,43,0
CLM-0126,2015-01-08,19,2015-01-27,0,89650,8150,16300,65200,3,3,1,2,1,1441.06,182,38,0
CLM-0127,2015-01-08,22,2015-01-30,1,36740,3340,6680,26720,2,3,1,1,1,1305.26,398,55,0
CLM-0128,2015-01-08,28,2015-02-05,0,61440,10240,10240,40960,3,3,unknown,2,3,1132.47,405,57,4000000
CLM-0129,2015-01-08,16,2015-01-24,0,7280,1120,1120,5040,1,1,0,1,1,936.61,121,34,0
CLM-0130,2015-01-08,26,2015-02-03,0,64240,11680,11680,40880,3,1,1,2,1,1612.43,134,32,0
CLM-0131,2015-01-08,29,2015-02-06,0,61100,6110,12220,42770,3,2,0,1,3,1188.51,50,44,0
CLM-0132,2015-01-09,13,2015-01-22,0,77110,14020,14020,49070,2,2,unknown,1,3,1558.29,114,30,0
CLM-0133,2015-01-09,14,2015-01-23,0,82720,7520,15040,60160,3,0,unknown,1,1,1000.06,134,32,0
CLM-0134,2015-01-09,16,2015-01-25,1,52800,4800,9600,38400,2,1,1,1,1,1239.55,111,29,2000000
CLM-0135,2015-01-09,22,2015-01-31,1,60200,6020,6020,48160,3,1,1,1,1,988.45,62,28,0
CLM-0136,2015-01-09,24,2015-02-02,0,42900,8580,0,34320,3,0,unknown,1,1,1173.37,289,48,8000000
CLM-0137,2015-01-09,20,2015-01-29,0,60190,9260,9260,41670,1,0,0,1,3,1515.18,281,43,6000000
CLM-0138,2015-01-09,13,2015-01-22,0,66780,7420,14840,44520,2,1,1,2,3,1733.56,160,38,0
CLM-0139,2015-01-09,22,2015-01-31,1,71500,16500,11000,44000,2,3,1,1,3,1266.92,8,35,0
CLM-0140,2015-01-09,16,2015-01-25,1,77660,7060,14120,56480,2,3,0,1,3,1313.33,283,46,0
CLM-0141,2015-01-09,28,2015-02-06,0,79530,14460,7230,57840,1,3,0,0,1,2047.59,154,37,0
CLM-0142,2015-01-09,11,2015-01-20,0,60600,5050,10100,45450,3,0,0,0,1,1304.83,479,60,0
CLM-0143,2015-01-09,19,2015-01-28,0,64400,6440,6440,51520,2,0,1,2,3,1517.54,225,43,0
CLM-0144,2015-01-09,22,2015-01-31,0,53400,5340,5340,42720,1,0,unknown,1,1,1693.83,204,40,7000000
CLM-0145,2015-01-09,30,2015-02-08,0,7370,670,1340,5360,0,2,unknown,0,1,1358.91,292,45,0
CLM-0146,2015-01-09,15,2015-01-24,1,66600,16650,11100,38850,3,3,0,2,1,1384.64,216,38,5000000
CLM-0147,2015-01-09,21,2015-01-30,1,49100,9820,4910,34370,2,3,unknown,2,1,1060.74,230,37,0
CLM-0148,2015-01-09,21,2015-01-30,0,40320,5760,5760,28800,3,0,unknown,0,1,1588.55,166,38,0
CLM-0149,2015-01-10,29,2015-02-08,0,5830,1060,1060,3710,0,3,1,1,1,990.11,130,34,0
CLM-0150,2015-01-10,20,2015-01-30,0,41490,9220,4610,27660,3,1,1,1,3,1145.85,435,58,0
CLM-0151,2015-01-10,16,2015-01-26,0,66550,6050,12100,48400,3,2,unknown,0,2,1533.71,240,40,9000000
CLM-0152,2015-01-10,10,2015-01-20,1,63400,6340,6340,50720,2,2,0,1,1,1415.74,256,41,6000000
CLM-0153,2015-01-10,10,2015-01-20,0,4590,510,510,3570,0,3,1,1,1,1677.26,150,30,0
CLM-0154,2015-01-10,29,2015-02-08,0,44910,4990,4990,34930,3,0,unknown,1,3,1447.78,73,29,0
CLM-0155,2015-01-10,22,2015-02-01,1,77330,14060,14060,49210,2,1,0,2,1,1268.35,364,51,0
CLM-0156,2015-01-10,18,2015-01-28,0,68530,12460,6230,49840,2,3,0,0,1,1061.33,128,30,0
CLM-0157,2015-01-10,12,2015-01-22,0,67320,11220,11220,44880,1,3,0,2,1,1412.76,142,30,0
CLM-0158,2015-01-10,16,2015-01-26,1,52650,5850,5850,40950,2,0,1,0,3,1311.3,290,45,0
CLM-0159,2015-01-10,15,2015-01-25,1,78650,14300,7150,57200,3,3,0,2,3,932.14,107,26,0
CLM-0160,2015-01-10,17,2015-01-27,0,61490,5590,11180,44720,1,1,unknown,1,3,1304.67,244,40,7000000
CLM-0161,2015-01-10,18,2015-01-28,0,41130,4570,4570,31990,3,1,0,1,1,1058.21,99,32,3000000
CLM-0162,2015-01-10,14,2015-01-24,0,63580,5780,11560,46240,2,3,1,1,3,1472.43,254,46,0
CLM-0163,2015-01-10,10,2015-01-20,0,64920,10820,10820,43280,1,2,unknown,0,3,1399.85,217,39,0
CLM-0164,2015-01-10,28,2015-02-07,0,53800,5380,5380,43040,1,2,0,0,1,1230.69,287,45,0
CLM-0165,2015-01-10,19,2015-01-29,1,59900,11980,5990,41930,2,2,unknown,0,1,1407.01,436,58,5000000
CLM-0166,2015-01-10,21,2015-01-31,1,68750,12500,12500,43750,2,1,unknown,2,3,912.3,356,54,0
CLM-0167,2015-01-10,24,2015-02-03,0,61050,5550,11100,44400,3,0,0,2,1,1236.32,148,36,5000000
CLM-0168,2015-01-10,18,2015-01-28,0,43600,8720,4360,30520,1,3,1,0,1,895.14,101,32,0
CLM-0169,2015-01-10,29,2015-02-08,1,62800,6280,6280,50240,2,1,0,2,3,1273.7,355,47,4000000
CLM-0170,2015-01-10,26,2015-02-05,0,57310,5210,10420,41680,3,1,unknown,1,1,1239.06,293,49,0
CLM-0171,2015-01-10,26,2015-02-05,1,76400,15280,7640,53480,2,2,1,2,1,1324.78,197,41,0
CLM-0172,2015-01-10,29,2015-02-08,1,69480,15440,0,54040,2,1,unknown,2,3,795.23,154,34,0
CLM-0173,2015-01-11,21,2015-02-01,0,79750,14500,14500,50750,2,0,0,2,3,1219.04,172,35,0
CLM-0174,2015-01-11,16,2015-01-27,0,61270,5570,11140,44560,3,3,0,1,1,1257.0,108,32,4000000
CLM-0175,2015-01-11,11,2015-01-22,1,71520,17880,5960,47680,2,0,1,0,3,972.18,370,55,0
CLM-0176,2015-01-11,12,2015-01-23,0,55500,5550,11100,38850,3,3,0,0,1,1367.68,359,47,0
CLM-0177,2015-01-11,26,2015-02-06,1,55400,5540,11080,38780,2,3,1,2,3,1274.7,96,29,5000000
CLM-0178,2015-01-11,14,2015-01-25,0,60600,6060,12120,42420,1,0,unknown,0,1,1538.6,297,48,0
CLM-0179,2015-01-11,26,2015-02-06,0,62590,11380,11380,39830,1,1,unknown,0,1,1254.18,261,45,0
CLM-0180,2015-01-11,26,2015-02-06,0,56610,6290,6290,44030,3,0,unknown,2,1,1435.09,253,41,0
CLM-0181,2015-01-11,26,2015-02-06,0,68580,7620,7620,53340,1,3,unknown,1,3,1387.51,289,43,0
CLM-0182,2015-01-12,11,2015-01-23,0,68000,13600,6800,47600,3,2,0,2,3,1338.55,436,59,0
CLM-0183,2015-01-12,11,2015-01-23,0,5200,650,650,3900,0,3,unknown,0,1,1734.09,223,43,0
CLM-0184,2015-01-12,14,2015-01-26,1,65520,9360,9360,46800,2,1,unknown,2,3,922.67,61,24,0
CLM-0185,2015-01-12,10,2015-01-22,1,43700,4370,4370,34960,1,2,0,1,1,1202.28,64,29,0
CLM-0186,2015-01-12,10,2015-01-22,0,62590,5690,11380,45520,3,2,1,1,3,1170.53,259,42,0
CLM-0187,2015-01-12,28,2015-02-09,0,65780,5980,11960,47840,1,0,unknown,0,3,1724.09,276,47,0
CLM-0188,2015-01-12,11,2015-01-23,0,65440,8180,8180,49080,3,3,unknown,1,3,1223.39,209,36,0
CLM-0189,2015-01-12,30,2015-02-11,0,54300,10860,5430,38010,1,0,1,2,1,1392.39,143,30,5000000
CLM-0190,2015-01-12,21,2015-02-02,0,3190,580,290,2320,0,1,0,1,1,1575.86,211,40,0
CLM-0191,2015-01-12,15,2015-01-27,1,61050,11100,11100,38850,2,0,unknown,1,3,1333.97,279,45,6000000
CLM-0192,2015-01-12,13,2015-01-25,0,62900,6290,12580,44030,1,0,unknown,0,3,1441.6,65,29,5000000
CLM-0193,2015-01-12,20,2015-02-01,1,92730,16860,8430,67440,2,3,unknown,2,1,1935.85,421,56,4000000
CLM-0194,2015-01-12,26,2015-02-07,0,74700,7470,14940,52290,1,2,1,1,1,1337.56,261,42,0
CLM-0195,2015-01-12,15,2015-01-27,0,60600,12120,6060,42420,2,2,1,1,1,1459.99,381,55,0
CLM-0196,2015-01-12,14,2015-01-26,0,57860,5260,10520,42080,1,0,0,1,3,1302.34,255,46,0
CLM-0197,2015-01-12,29,2015-02-10,0,56300,5630,11260,39410,1,3,1,0,1,993.51,119,32,0
CLM-0198,2015-01-12,11,2015-01-23,1,81840,14880,7440,59520,1,1,1,1,1,1382.88,86,26,7000000
CLM-0199,2015-01-12,15,2015-01-27,0,57200,11440,5720,40040,1,2,1,1,3,1429.96,194,34,0
CLM-0200,2015-01-12,20,2015-02-01,0,100800,16800,16800,67200,1,3,unknown,2,1,1097.71,426,54,0
CLM-0201,2015-01-13,25,2015-02-07,0,8640,1440,720,6480,1,2,0,1,1,999.52,210,38,0
CLM-0202,2015-01-13,25,2015-02-07,0,54120,4510,9020,40590,1,3,unknown,1,3,1326.98,4,39,6000000
CLM-0203,2015-01-13,10,2015-01-23,0,45270,10060,10060,25150,3,0,unknown,1,1,830.31,97,28,0
CLM-0204,2015-01-13,18,2015-01-31,1,63250,5750,11500,46000,2,2,0,2,3,1711.72,20,23,0
CLM-0205,2015-01-13,15,2015-01-28,0,4290,780,780,2730,1,3,0,1,1,1112.04,108,31,6000000
CLM-0206,2015-01-13,25,2015-02-07,0,4400,0,550,3850,0,3,unknown,2,1,1008.79,70,27,4000000
CLM-0207,2015-01-13,12,2015-01-25,0,52250,9500,4750,38000,3,0,0,2,1,1142.48,145,34,0
CLM-0208,2015-01-13,29,2015-02-11,0,76900,7690,7690,61520,2,2,unknown,0,1,1722.5,29,32,0
CLM-0209,2015-01-13,13,2015-01-26,1,79800,6650,19950,53200,2,2,1,0,3,1125.37,464,61,0
CLM-0210,2015-01-13,28,2015-02-10,0,6160,560,1120,4480,1,0,0,1,1,1255.02,127,31,0
CLM-0211,2015-01-13,12,2015-01-25,0,5170,940,470,3760,1,0,0,1,1,982.7,101,27,6000000
CLM-0212,2015-01-13,28,2015-02-10,1,60320,9280,9280,41760,2,3,unknown,0,1,1453.61,235,39,4000000
CLM-0213,2015-01-13,29,2015-02-11,0,74360,13520,6760,54080,3,3,unknown,1,1,927.23,129,30,0
CLM-0214,2015-01-13,16,2015-01-29,0,82060,14920,7460,59680,1,2,0,0,1,1362.31,436,60,0
CLM-0215,2015-01-13,29,2015-02-11,0,2520,280,280,1960,1,1,unknown,1,1,1512.58,285,43,0
CLM-0216,2015-01-13,18,2015-01-31,0,44200,4420,4420,35360,3,3,unknown,1,3,1724.46,265,41,6000000
CLM-0217,2015-01-13,10,2015-01-23,1,50800,5080,5080,40640,2,0,0,1,3,1295.87,34,34,0
CLM-0218,2015-01-13,17,2015-01-30,1,74690,6790,13580,54320,2,3,1,1,1,1479.48,156,32,0
CLM-0219,2015-01-13,16,2015-01-29,0,78650,21450,7150,50050,1,0,unknown,0,3,1333.35,137,34,0
CLM-0220,2015-01-13,27,2015-02-09,1,63580,5780,5780,52020,2,0,unknown,0,1,1237.88,405,58,0
CLM-0221,2015-01-13,17,2015-01-30,0,90600,15100,15100,60400,3,3,unknown,1,3,1372.18,274,46,0
CLM-0222,2015-01-14,10,2015-01-24,0,50000,5000,10000,35000,2,0,unknown,2,1,1216.24,334,50,0
CLM-0223,2015-01-14,20,2015-02-03,0,8800,1760,880,6160,0,1,0,0,1,767.14,404,53,0
CLM-0224,2015-01-14,27,2015-02-10,0,81960,13660,13660,54640,3,3,0,0,3,793.15,303,50,0
CLM-0225,2015-01-14,19,2015-02-02,0,59040,9840,9840,39360,2,1,unknown,0,3,865.33,461,57,7000000
CLM-0226,2015-01-14,12,2015-01-26,0,55260,6140,0,49120,3,1,unknown,1,3,1270.21,123,34,0
CLM-0227,2015-01-14,16,2015-01-30,1,4730,860,860,3010,0,1,unknown,2,1,1348.32,186,33,0
CLM-0228,2015-01-14,25,2015-02-08,0,63240,10540,5270,47430,3,2,1,2,1,929.7,257,43,6000000
CLM-0229,2015-01-14,25,2015-02-08,0,3080,560,560,1960,1,3,0,0,1,1198.44,55,35,8000000
CLM-0230,2015-01-14,29,2015-02-12,1,72930,6630,6630,59670,2,3,0,0,1,1690.27,325,47,0
CLM-0231,2015-01-14,26,2015-02-09,1,44730,4970,4970,34790,2,2,unknown,1,3,1139.0,81,28,6000000
CLM-0232,2015-01-14,11,2015-01-25,0,89400,14900,7450,67050,1,1,1,1,3,1038.09,270,45,0
CLM-0233,2015-01-14,10,2015-01-24,0,108030,16620,16620,74790,1,2,1,2,1,1108.97,392,50,0
CLM-0234,2015-01-14,25,2015-02-08,1,73260,16280,0,56980,1,0,1,1,1,1209.63,123,29,0
CLM-0235,2015-01-14,21,2015-02-04,0,47800,4780,4780,38240,1,0,0,1,3,1800.76,196,41,0
CLM-0236,2015-01-14,14,2015-01-28,0,81120,13520,20280,47320,3,0,0,1,1,1306.78,147,37,0
CLM-0237,2015-01-14,14,2015-01-28,0,45700,4570,4570,36560,3,2,0,2,3,1247.87,165,36,0
CLM-0238,2015-01-14,18,2015-02-01,1,64100,12820,6410,44870,2,3,unknown,2,3,1486.04,338,47,0
CLM-0239,2015-01-14,18,2015-02-01,0,62900,12580,6290,44030,1,0,unknown,0,1,1390.29,20,21,0
CLM-0240,2015-01-14,12,2015-01-26,1,58500,11700,0,46800,1,0,0,0,1,1353.53,274,45,0
CLM-0241,2015-01-15,28,2015-02-12,1,52400,6550,6550,39300,2,0,1,1,1,1099.95,65,23,0
CLM-0242,2015-01-15,25,2015-02-09,0,4620,420,840,3360,0,3,unknown,1,1,1827.38,84,30,0
CLM-0243,2015-01-15,25,2015-02-09,1,46200,4200,8400,33600,3,2,1,0,1,1301.13,180,38,0
CLM-0244,2015-01-15,12,2015-01-27,0,2640,220,440,1980,0,1,0,2,1,1125.4,215,35,0
CLM-0245,2015-01-15,29,2015-02-13,0,68750,12500,6250,50000,1,2,0,2,1,1793.16,352,53,0
CLM-0246,2015-01-15,10,2015-01-25,0,84600,16920,8460,59220,3,1,0,1,3,1588.22,292,42,0
CLM-0247,2015-01-15,29,2015-02-13,0,51210,11380,5690,34140,3,0,0,2,3,1425.54,120,35,0
CLM-0248,2015-01-15,20,2015-02-04,0,62260,5660,5660,50940,2,0,0,2,1,1464.42,143,32,0
CLM-0249,2015-01-15,26,2015-02-10,1,63800,6380,6380,51040,2,3,1,0,1,1861.43,67,29,0
CLM-0250,2015-01-15,17,2015-02-01,1,40700,4070,4070,32560,1,0,0,0,1,1119.29,438,57,0
CLM-0251,2015-01-15,13,2015-01-28,0,5220,580,580,4060,1,0,0,2,1,1082.72,146,31,0
CLM-0252,2015-01-15,15,2015-01-30,0,105820,16280,16280,73260,1,0,1,0,1,1655.79,259,44,0
CLM-0253,2015-01-15,17,2015-02-01,1,53100,5310,5310,42480,1,0,1,2,1,1361.16,404,56,4000000
CLM-0254,2015-01-15,29,2015-02-13,0,32480,4060,4060,24360,1,2,0,2,3,1471.24,148,30,0
CLM-0255,2015-01-15,12,2015-01-27,0,56160,6240,12480,37440,1,3,1,1,3,1393.34,290,47,0
CLM-0256,2015-01-16,25,2015-02-10,0,76050,11700,11700,52650,3,0,unknown,2,1,1142.62,278,48,7000000
CLM-0257,2015-01-16,12,2015-01-28,0,44200,8840,4420,30940,3,1,1,0,3,1124.43,174,33,0
CLM-0258,2015-01-16,27,2015-02-12,0,49400,4940,9880,34580,3,3,1,2,1,1178.95,163,37,6000000
CLM-0259,2015-01-16,23,2015-02-08,0,42500,4250,4250,34000,3,3,0,0,3,1010.77,153,37,0
CLM-0260,2015-01-16,27,2015-02-12,0,57700,5770,5770,46160,3,3,unknown,0,1,1412.06,187,37,5000000
CLM-0261,2015-01-16,11,2015-01-27,0,51660,5740,5740,40180,1,0,0,1,3,1475.93,37,23,0
CLM-0262,2015-01-16,12,2015-01-28,0,59400,5940,11880,41580,2,1,0,2,1,1411.43,328,48,0
CLM-0263,2015-01-16,25,2015-02-10,0,72900,14580,14580,43740,3,1,1,0,3,1143.06,57,25,0
CLM-0264,2015-01-16,18,2015-02-03,1,68240,8530,0,59710,2,0,unknown,0,1,1054.92,147,31,6000000
CLM-0265,2015-01-16,13,2015-01-29,1,53400,5340,5340,42720,1,2,1,1,4,1090.65,156,37,0
CLM-0266,2015-01-16,10,2015-01-26,0,38700,7740,3870,27090,1,0,1,0,1,1469.75,169,34,0
CLM-0267,2015-01-16,13,2015-01-29,0,44400,5550,5550,33300,3,3,1,0,3,1616.65,297,47,7000000
CLM-0268,2015-01-16,10,2015-01-26,0,66200,6620,6620,52960,2,0,0,1,1,973.8,72,29,0
CLM-0269,2015-01-16,23,2015-02-08,1,85900,17180,17180,51540,2,1,0,2,1,1422.21,269,41,0
CLM-0270,2015-01-16,30,2015-02-15,0,77440,14080,7040,56320,3,1,1,1,3,1086.48,156,37,6000000
CLM-0271,2015-01-16,25,2015-02-10,0,4560,760,380,3420,1,3,1,1,1,1265.84,295,46,0
CLM-0272,2015-01-17,29,2015-02-15,0,65800,13160,6580,46060,1,0,0,0,3,1386.93,286,47,0
CLM-0273,2015-01-17,17,2015-02-03,0,5850,1300,650,3900,1,3,0,0,1,1161.91,283,43,0
CLM-0274,2015-01-17,16,2015-02-02,1,55000,5000,10000,40000,2,1,unknown,2,3,1757.87,222,39,0
CLM-0275,2015-01-17,12,2015-01-29,0,7260,1320,660,5280,0,2,unknown,1,1,1073.83,91,27,0
CLM-0276,2015-01-17,26,2015-02-12,0,45000,5000,5000,35000,3,0,1,2,1,1457.21,188,37,0
CLM-0277,2015-01-17,10,2015-01-27,0,64680,11760,11760,41160,1,0,unknown,2,3,1035.99,178,39,0
CLM-0278,2015-01-17,25,2015-02-11,0,58140,6460,6460,45220,1,2,1,0,1,1340.56,2,28,0
CLM-0279,2015-01-17,21,2015-02-07,0,90000,18000,9000,63000,1,3,1,1,1,1269.76,164,38,0
CLM-0280,2015-01-17,28,2015-02-14,0,66240,11040,11040,44160,2,3,0,1,3,1422.95,434,57,0
CLM-0281,2015-01-17,23,2015-02-09,1,57690,6410,12820,38460,2,1,0,0,1,1281.25,279,43,0
CLM-0282,2015-01-17,15,2015-02-01,0,69480,11580,11580,46320,2,2,0,0,3,862.92,298,49,0
CLM-0283,2015-01-17,15,2015-02-01,0,39720,6620,6620,26480,1,1,0,1,4,1377.04,0,32,0
CLM-0284,2015-01-17,22,2015-02-08,0,42840,3570,7140,32130,3,2,1,1,1,1164.97,65,27,0
CLM-0285,2015-01-17,28,2015-02-14,0,77880,12980,12980,51920,2,3,1,0,3,1003.23,241,38,0
CLM-0286,2015-01-17,17,2015-02-03,0,90970,16540,16540,57890,3,3,0,2,1,1363.77,111,27,4000000
CLM-0287,2015-01-18,11,2015-01-29,0,5330,1230,820,3280,1,1,1,1,1,1222.48,289,49,0
CLM-0288,2015-01-18,30,2015-02-17,0,59700,11940,11940,35820,1,0,0,1,3,974.59,107,26,0
CLM-0289,2015-01-18,10,2015-01-28,0,86130,15660,15660,54810,1,1,0,2,1,1387.7,205,42,4000000
CLM-0290,2015-01-18,24,2015-02-11,1,32280,5380,5380,21520,2,2,unknown,1,3,1317.97,371,54,0
CLM-0291,2015-01-18,10,2015-01-28,0,64320,5360,10720,48240,3,1,unknown,1,3,1447.77,275,45,0
CLM-0292,2015-01-18,14,2015-02-01,0,75600,12600,12600,50400,2,0,unknown,0,4,954.16,64,25,0
CLM-0293,2015-01-18,25,2015-02-12,0,24200,2200,4400,17600,3,0,0,0,3,1330.46,269,45,0
CLM-0294,2015-01-18,28,2015-02-15,0,7260,660,1320,5280,0,3,1,0,1,1594.37,246,45,0
CLM-0295,2015-01-18,13,2015-01-31,0,49390,8980,4490,35920,3,2,1,1,1,1562.8,476,61,0
CLM-0296,2015-01-18,12,2015-01-30,0,6820,1240,620,4960,1,3,0,0,1,1570.77,339,49,0
CLM-0297,2015-01-18,26,2015-02-13,0,40600,4060,4060,32480,1,2,unknown,2,2,1354.83,103,26,0
CLM-0298,2015-01-18,26,2015-02-13,0,53900,5390,10780,37730,3,3,unknown,0,2,1188.45,479,60,0
CLM-0299,2015-01-18,21,2015-02-08,0,5920,740,740,4440,0,2,0,0,1,1281.07,219,39,7000000
CLM-0300,2015-01-18,23,2015-02-10,1,70600,7060,14120,49420,2,1,unknown,0,3,1483.91,232,43,8000000
CLM-0301,2015-01-18,30,2015-02-17,0,48360,8060,8060,32240,1,3,unknown,0,1,919.37,155,35,0
CLM-0302,2015-01-18,15,2015-02-02,0,6050,1100,1100,3850,0,2,0,0,1,1450.98,228,40,0
CLM-0303,2015-01-18,12,2015-01-30,0,5490,0,1220,4270,1,1,1,2,1,1609.11,106,28,0
CLM-0304,2015-01-18,18,2015-02-05,0,65100,6510,6510,52080,3,3,1,2,2,1389.86,75,25,0
CLM-0305,2015-01-19,14,2015-02-02,1,69680,8710,8710,52260,2,0,0,0,3,949.44,167,36,0
CLM-0306,2015-01-19,26,2015-02-14,0,31700,6340,3170,22190,1,0,unknown,1,3,903.32,1,33,0
CLM-0307,2015-01-19,23,2015-02-11,0,46200,4200,8400,33600,3,3,0,0,3,1140.15,169,39,0
CLM-0308,2015-01-19,30,2015-02-18,0,72930,6630,13260,53040,3,0,0,1,1,1374.22,160,37,0
CLM-0309,2015-01-19,12,2015-01-31,1,98160,8180,16360,73620,3,2,unknown,2,1,1268.79,413,55,0
CLM-0310,2015-01-19,10,2015-01-29,0,79090,14380,14380,50330,2,3,unknown,2,3,1021.14,103,33,0
CLM-0311,2015-01-19,29,2015-02-17,1,60600,6060,12120,42420,2,2,0,0,4,1607.36,373,55,0
CLM-0312,2015-01-19,30,2015-02-18,0,32670,5940,2970,23760,1,1,0,0,3,1341.24,135,30,0
CLM-0313,2015-01-19,10,2015-01-29,0,55800,11160,11160,33480,3,0,0,0,1,1192.04,437,58,0
CLM-0314,2015-01-19,12,2015-01-31,0,6490,1180,1180,4130,0,3,1,0,1,1318.06,200,35,0
CLM-0315,2015-01-19,27,2015-02-15,1,60940,5540,11080,44320,2,3,0,2,2,769.95,284,48,0
CLM-0316,2015-01-19,19,2015-02-07,1,69930,0,15540,54390,2,2,unknown,0,3,1045.12,128,31,0
CLM-0317,2015-01-19,12,2015-01-31,0,93720,17040,8520,68160,3,0,0,1,3,1515.3,271,42,0
CLM-0318,2015-01-19,17,2015-02-05,1,75400,7540,15080,52780,2,3,1,0,1,1532.47,371,51,0
CLM-0319,2015-01-19,23,2015-02-11,0,59490,6610,6610,46270,1,0,1,1,1,1388.62,228,39,0
CLM-0320,2015-01-19,27,2015-02-15,0,3190,290,580,2320,0,3,0,2,1,972.5,265,45,0
CLM-0321,2015-01-19,24,2015-02-12,0,47300,4730,4730,37840,1,1,unknown,1,1,1355.08,209,38,0
CLM-0322,2015-01-19,11,2015-01-30,1,70400,6400,12800,51200,2,2,0,2,3,1103.58,225,41,0
CLM-0323,2015-01-19,19,2015-02-07,0,94930,8630,8630,77670,3,0,1,2,3,1556.31,13,21,0
CLM-0324,2015-01-19,11,2015-01-30,1,69200,13840,6920,48440,2,2,unknown,1,1,1277.25,171,34,0
CLM-0325,2015-01-19,26,2015-02-14,0,5170,470,940,3760,0,3,unknown,2,1,968.74,287,41,0
CLM-0326,2015-01-19,17,2015-02-05,1,79970,7270,21810,50890,2,1,unknown,2,1,1320.39,43,43,0
CLM-0327,2015-01-19,10,2015-01-29,0,42240,7680,7680,26880,2,2,1,0,1,1277.12,322,49,0
CLM-0328,2015-01-20,18,2015-02-07,1,82800,20700,13800,48300,2,3,unknown,1,1,1609.67,177,33,0
CLM-0329,2015-01-20,20,2015-02-09,0,3770,580,580,2610,1,1,unknown,2,1,1056.71,120,34,0
CLM-0330,2015-01-20,25,2015-02-14,1,75570,6870,13740,54960,2,3,unknown,1,1,1586.41,15,34,0
CLM-0331,2015-01-20,16,2015-02-05,0,69300,6930,13860,48510,2,2,unknown,2,1,1134.68,208,41,0
CLM-0332,2015-01-20,19,2015-02-08,0,3740,680,680,2380,1,1,unknown,0,1,1615.14,233,41,0
CLM-0333,2015-01-20,12,2015-02-01,0,33480,3720,3720,26040,2,1,unknown,0,1,1740.57,80,28,0
CLM-0334,2015-01-20,27,2015-02-16,0,64200,10700,10700,42800,1,3,unknown,0,1,1539.06,250,43,0
CLM-0335,2015-01-20,22,2015-02-11,0,68040,15120,7560,45360,3,2,0,0,3,1042.56,412,56,0
CLM-0336,2015-01-20,16,2015-02-05,1,50380,4580,9160,36640,2,1,0,2,1,1471.44,58,23,5000000
CLM-0337,2015-01-20,13,2015-02-02,1,64350,5850,11700,46800,2,1,1,0,3,694.45,108,33,0
CLM-0338,2015-01-20,22,2015-02-11,1,59130,6570,6570,45990,3,0,0,0,3,1641.73,295,42,5000000
CLM-0339,2015-01-20,29,2015-02-18,0,72840,12140,6070,54630,2,2,0,1,4,836.11,303,50,5000000
CLM-0340,2015-01-20,10,2015-01-30,0,44200,4420,8840,30940,2,0,0,0,1,1194.83,116,31,0
CLM-0341,2015-01-20,17,2015-02-06,0,52800,5280,5280,42240,3,3,1,2,3,1422.78,160,33,0
CLM-0342,2015-01-20,23,2015-02-12,0,58500,0,6500,52000,2,2,1,1,1,1533.07,56,36,0
CLM-0343,2015-01-20,25,2015-02-14,1,60750,13500,6750,40500,2,1,0,2,3,1508.12,264,43,6000000
CLM-0344,2015-01-20,23,2015-02-12,0,48000,4800,9600,33600,1,1,0,0,1,989.97,290,42,0
CLM-0345,2015-01-20,21,2015-02-10,1,84920,7720,15440,61760,3,3,0,2,3,1270.55,97,26,0
CLM-0346,2015-01-21,28,2015-02-18,0,9100,1400,1400,6300,1,3,0,0,1,1423.34,194,34,0
CLM-0347,2015-01-21,24,2015-02-14,1,81360,6780,13560,61020,3,3,unknown,1,1,1362.64,142,33,5000000
CLM-0348,2015-01-21,11,2015-02-01,0,83490,7590,15180,60720,1,3,1,1,1,1578.54,266,46,0
CLM-0349,2015-01-21,11,2015-02-01,0,52030,9460,4730,37840,3,1,unknown,0,1,1221.22,211,35,0
CLM-0350,2015-01-21,28,2015-02-18,1,67300,6730,6730,53840,2,1,0,1,1,1285.42,121,34,0
CLM-0351,2015-01-21,26,2015-02-16,0,76920,12820,6410,57690,1,0,1,1,1,969.88,103,33,6000000
CLM-0352,2015-01-21,29,2015-02-19,1,107900,10790,21580,75530,2,0,0,2,1,1166.54,112,30,0
CLM-0353,2015-01-21,19,2015-02-09,0,2640,440,440,1760,0,0,0,0,1,566.11,32,38,5000000
CLM-0354,2015-01-21,15,2015-02-05,0,73370,13340,6670,53360,1,1,1,1,1,1525.86,304,49,0
CLM-0355,2015-01-21,24,2015-02-14,1,43280,0,5410,37870,1,1,unknown,0,1,1927.87,254,40,0
CLM-0356,2015-01-21,20,2015-02-10,1,5070,780,780,3510,1,0,unknown,0,1,1197.22,228,42,5000000
CLM-0357,2015-01-21,14,2015-02-04,0,87300,17460,17460,52380,2,2,unknown,0,3,1400.74,48,44,0
CLM-0358,2015-01-21,10,2015-01-31,0,101010,15540,15540,69930,1,2,unknown,2,1,1275.81,147,34,0
CLM-0359,2015-01-21,17,2015-02-07,0,79560,6630,13260,59670,1,2,1,0,3,1202.75,75,27,0
CLM-0360,2015-01-21,30,2015-02-20,0,50380,4580,4580,41220,3,3,unknown,1,3,1123.89,212,35,0
CLM-0361,2015-01-21,21,2015-02-11,0,79600,15920,15920,47760,1,0,1,1,1,897.89,324,46,6000000
CLM-0362,2015-01-21,21,2015-02-11,1,72200,14440,7220,50540,2,2,unknown,1,1,976.67,227,38,0
CLM-0363,2015-01-21,14,2015-02-04,0,62300,12460,6230,43610,2,0,unknown,2,3,1155.55,431,54,0
CLM-0364,2015-01-21,16,2015-02-06,1,2860,520,260,2080,0,2,1,0,1,1520.78,140,35,0
CLM-0365,2015-01-22,13,2015-02-04,0,84720,14120,14120,56480,1,2,0,1,3,1397.67,280,45,0
CLM-0366,2015-01-22,15,2015-02-06,0,74140,13480,6740,53920,3,0,1,2,1,871.46,213,35,0
CLM-0367,2015-01-22,22,2015-02-13,1,54200,5420,10840,37940,2,2,0,1,1,1433.42,179,32,6000000
CLM-0368,2015-01-22,29,2015-02-20,0,51700,5170,10340,36190,3,1,0,2,3,1118.58,160,36,0
CLM-0369,2015-01-22,24,2015-02-15,0,56520,4710,9420,42390,3,0,0,1,1,1215.36,60,23,3000000
CLM-0370,2015-01-22,12,2015-02-03,0,6480,540,1080,4860,1,2,1,1,1,1347.04,141,30,0
CLM-0371,2015-01-22,17,2015-02-08,0,56000,5600,5600,44800,3,2,0,2,1,828.42,200,34,3000000
CLM-0372,2015-01-22,29,2015-02-20,1,64890,7210,7210,50470,1,2,1,1,4,1352.83,29,25,0
CLM-0373,2015-01-22,25,2015-02-16,0,84590,15380,7690,61520,3,0,0,2,3,914.22,218,41,0
CLM-0374,2015-01-22,22,2015-02-13,0,46860,8520,8520,29820,2,0,unknown,0,3,958.3,284,48,0
CLM-0375,2015-01-22,27,2015-02-18,0,81500,16300,8150,57050,1,0,unknown,2,2,1226.78,222,40,0
CLM-0376,2015-01-22,19,2015-02-10,0,75500,7550,15100,52850,1,1,unknown,2,1,1286.44,256,42,0
CLM-0377,2015-01-22,28,2015-02-19,0,76560,12760,6380,57420,1,0,unknown,1,3,1506.21,428,54,0
CLM-0378,2015-01-22,26,2015-02-17,0,49900,4990,9980,34930,3,2,1,2,1,1330.39,99,28,0
CLM-0379,2015-01-23,28,2015-02-20,0,85020,13080,13080,58860,1,1,0,2,2,1003.15,130,28,0
CLM-0380,2015-01-23,14,2015-02-06,0,67500,7500,7500,52500,1,3,1,2,3,1383.49,130,34,3000000
CLM-0381,2015-01-23,30,2015-02-22,0,36700,3670,7340,25690,2,2,1,1,3,722.66,94,26,0
CLM-0382,2015-01-23,18,2015-02-10,0,84590,15380,15380,53830,3,3,1,2,1,988.93,89,32,0
CLM-0383,2015-01-23,21,2015-02-13,0,61400,6140,6140,49120,1,1,0,2,3,1275.62,440,55,0
CLM-0384,2015-01-23,30,2015-02-22,0,62640,10440,10440,41760,2,3,0,1,1,1107.59,229,41,3000000
CLM-0385,2015-01-23,10,2015-02-02,1,78600,13100,19650,45850,3,3,unknown,1,3,998.19,46,41,0
CLM-0386,2015-01-23,10,2015-02-02,0,36960,6720,3360,26880,3,0,1,0,3,1123.84,284,43,0
CLM-0387,2015-01-23,24,2015-02-16,1,76560,12760,12760,51040,2,1,0,2,1,1625.45,206,36,4000000
CLM-0388,2015-01-23,11,2015-02-03,0,6030,670,670,4690,0,2,0,1,1,1631.1,96,27,0
CLM-0389,2015-01-23,25,2015-02-17,0,100,10,20,70,0,2,unknown,1,1,1482.53,89,32,0
CLM-0390,2015-01-23,17,2015-02-09,0,78200,15640,7820,54740,3,2,0,1,1,1687.53,135,34,0
CLM-0391,2015-01-23,22,2015-02-14,0,52700,5270,10540,36890,3,3,unknown,0,1,1389.13,285,42,0
CLM-0392,2015-01-24,30,2015-02-23,0,39800,7960,3980,27860,1,3,unknown,1,3,1189.04,273,47,0
CLM-0393,2015-01-24,10,2015-02-03,0,4950,450,900,3600,0,1,0,2,1,1046.58,235,39,4000000
CLM-0394,2015-01-24,25,2015-02-18,0,108480,18080,18080,72320,2,3,unknown,2,1,1436.79,285,41,0
CLM-0395,2015-01-24,16,2015-02-09,0,5670,1260,630,3780,0,2,0,0,1,1155.53,267,40,5000000
CLM-0396,2015-01-24,14,2015-02-07,1,65560,11920,11920,41720,2,2,1,0,3,484.67,66,30,0
CLM-0397,2015-01-24,12,2015-02-05,0,64080,7120,7120,49840,1,0,unknown,2,1,671.92,98,31,0
CLM-0398,2015-01-24,21,2015-02-14,0,51030,5670,11340,34020,1,0,1,0,3,1221.17,37,25,0
CLM-0399,2015-01-24,25,2015-02-18,0,46560,7760,7760,31040,1,3,unknown,1,3,1422.36,259,39,0
CLM-0400,2015-01-24,28,2015-02-21,1,53100,10620,5310,37170,2,0,1,2,1,1334.15,147,33,6000000
CLM-0401,2015-01-24,14,2015-02-07,1,51920,9440,4720,37760,2,1,1,0,1,1543.68,183,38,0
CLM-0402,2015-01-24,23,2015-02-16,0,68300,6830,13660,47810,1,2,0,1,1,1398.94,235,40,0
CLM-0403,2015-01-24,14,2015-02-07,0,3870,430,860,2580,1,3,0,2,1,1177.57,277,46,0
CLM-0404,2015-01-24,24,2015-02-17,0,4320,0,960,3360,0,2,unknown,1,1,1220.86,125,31,0
CLM-0405,2015-01-24,26,2015-02-19,1,47700,4770,9540,33390,3,1,unknown,0,3,1110.37,258,46,10000000
CLM-0406,2015-01-24,23,2015-02-16,1,5300,530,530,4240,0,1,0,1,1,1463.07,196,36,0
CLM-0407,2015-01-24,29,2015-02-22,0,60500,12100,6050,42350,2,2,0,2,3,1082.36,105,28,0
CLM-0408,2015-01-24,14,2015-02-07,0,34320,8580,4290,21450,1,3,1,2,3,1538.26,335,50,6000000
CLM-0409,2015-01-24,21,2015-02-14,0,75690,8410,8410,58870,3,1,1,2,3,1588.26,97,27,0
CLM-0410,2015-01-24,25,2015-02-18,0,56160,4680,9360,42120,1,0,0,2,3,1730.49,320,48,7000000
CLM-0411,2015-01-24,25,2015-02-18,0,79300,15860,15860,47580,1,0,unknown,0,1,1463.82,269,41,0
CLM-0412,2015-01-24,30,2015-02-23,0,8060,1240,1240,5580,1,2,1,2,1,1489.24,194,39,6000000
CLM-0413,2015-01-24,16,2015-02-09,1,54400,5440,10880,38080,2,3,0,1,3,1896.91,144,37,0
CLM-0414,2015-01-24,13,2015-02-06,0,46800,4680,9360,32760,3,1,0,2,1,1922.84,24,33,0
CLM-0415,2015-01-24,10,2015-02-03,0,58800,11760,5880,41160,3,1,1,2,1,1193.45,194,34,0
CLM-0416,2015-01-25,14,2015-02-08,0,88110,16020,16020,56070,3,3,unknown,1,1,1137.02,5,26,0
CLM-0417,2015-01-25,19,2015-02-13,0,58300,10600,10600,37100,3,1,0,1,1,1518.54,166,37,0
CLM-0418,2015-01-25,14,2015-02-08,0,79080,6590,13180,59310,3,3,1,1,3,1555.94,169,38,0
CLM-0419,2015-01-25,13,2015-02-07,0,54240,6780,6780,40680,1,0,unknown,2,1,1653.32,299,44,0
CLM-0420,2015-01-25,11,2015-02-05,0,77200,9650,9650,57900,1,0,1,2,3,1497.41,134,36,0
CLM-0421,2015-01-25,29,2015-02-23,1,71610,6510,13020,52080,2,2,1,1,1,1406.91,328,48,0
CLM-0422,2015-01-25,19,2015-02-13,0,6890,1060,1060,4770,0,0,0,1,1,1401.2,394,57,0
CLM-0423,2015-01-25,28,2015-02-22,0,6160,560,1680,3920,1,3,unknown,2,1,1152.4,216,36,0
CLM-0424,2015-01-25,10,2015-02-04,1,5580,620,620,4340,1,2,1,2,1,994.74,291,46,0
CLM-0425,2015-01-25,14,2015-02-08,0,51480,5720,5720,40040,3,0,0,0,3,1464.73,297,48,3000000
CLM-0426,2015-01-26,22,2015-02-17,0,49410,5490,5490,38430,3,3,1,1,3,1096.39,198,36,0
CLM-0427,2015-01-26,13,2015-02-08,1,104610,19020,19020,66570,2,1,0,2,1,1012.78,317,46,0
CLM-0428,2015-01-26,25,2015-02-20,0,70400,14080,7040,49280,2,2,unknown,2,3,1200.09,143,33,0
CLM-0429,2015-01-26,25,2015-02-20,1,53640,5960,5960,41720,2,3,0,2,1,1050.76,440,61,0
CLM-0430,2015-01-26,11,2015-02-06,0,80960,14720,7360,58880,2,0,0,0,1,1028.44,342,53,0
CLM-0431,2015-01-26,26,2015-02-21,0,5600,700,700,4200,0,0,unknown,0,1,969.5,239,42,0
CLM-0432,2015-01-26,29,2015-02-24,1,74360,13520,13520,47320,3,3,1,2,4,1041.36,154,34,0
CLM-0433,2015-01-26,21,2015-02-16,0,4320,480,480,3360,0,0,0,1,1,1114.68,164,31,0
CLM-0434,2015-01-26,27,2015-02-22,1,53460,9720,9720,34020,2,0,unknown,1,3,1217.69,11,40,0
CLM-0435,2015-01-26,12,2015-02-07,1,55200,13800,9200,32200,2,3,0,2,1,1183.48,110,33,0
CLM-0436,2015-01-26,10,2015-02-05,0,53500,5350,5350,42800,2,0,1,0,1,1518.46,249,43,0
CLM-0437,2015-01-27,10,2015-02-06,0,7480,680,680,6120,0,1,0,1,1,1238.65,242,40,0
CLM-0438,2015-01-27,28,2015-02-24,0,55200,9200,13800,32200,1,0,1,0,1,1212.75,224,42,0
CLM-0439,2015-01-27,20,2015-02-16,1,59400,6600,13200,39600,3,2,unknown,0,3,968.46,16,32,0
CLM-0440,2015-01-27,14,2015-02-10,0,1920,480,0,1440,1,3,1,1,1,1300.68,267,43,0
CLM-0441,2015-01-27,21,2015-02-17,0,85300,17060,8530,59710,1,0,1,2,3,1589.54,369,55,0
CLM-0442,2015-01-27,12,2015-02-08,0,80280,13380,13380,53520,1,3,unknown,0,1,870.55,261,46,0
CLM-0443,2015-01-27,10,2015-02-06,1,91520,8320,16640,66560,3,3,1,0,1,1055.09,211,38,0
CLM-0444,2015-01-27,10,2015-02-06,0,93730,14420,21630,57680,3,2,unknown,1,3,1018.73,107,31,5000000
CLM-0445,2015-01-27,17,2015-02-13,0,51400,5140,10280,35980,1,1,1,2,3,809.11,243,44,0
CLM-0446,2015-01-27,19,2015-02-15,0,80080,12320,12320,55440,3,2,unknown,0,1,1007.0,150,37,0
CLM-0447,2015-01-27,20,2015-02-16,0,70510,12820,12820,44870,2,0,unknown,1,3,1201.41,223,40,0
CLM-0448,2015-01-27,21,2015-02-17,0,45180,5020,5020,35140,1,3,unknown,0,1,1416.08,246,39,0
CLM-0449,2015-01-27,22,2015-02-18,1,60940,5540,11080,44320,2,3,1,0,3,1074.07,87,31,0
CLM-0450,2015-01-28,21,2015-02-18,0,4900,490,490,3920,1,1,0,0,1,1081.17,131,33,0
CLM-0451,2015-01-28,23,2015-02-20,0,9020,1640,820,6560,1,3,1,1,1,1322.1,257,43,0
CLM-0452,2015-01-28,11,2015-02-08,1,52700,10540,10540,31620,2,0,0,1,3,1366.9,39,31,0
CLM-0453,2015-01-28,28,2015-02-25,0,73500,7350,14700,51450,3,1,1,0,1,1212.0,245,41,0
CLM-0454,2015-01-28,27,2015-02-24,1,44200,4420,4420,35360,2,2,0,0,1,1406.52,195,37,8000000
CLM-0455,2015-01-28,12,2015-02-09,0,45100,9020,4510,31570,3,0,0,0,1,1246.03,190,38,0
CLM-0456,2015-01-28,26,2015-02-23,0,39480,6580,6580,26320,1,0,1,2,1,1127.89,429,56,6000000
CLM-0457,2015-01-28,17,2015-02-14,0,37530,4170,4170,29190,2,1,0,0,3,1307.74,243,43,0
CLM-0458,2015-01-28,19,2015-02-16,0,53100,5900,5900,41300,1,1,unknown,0,1,1246.68,179,32,0
CLM-0459,2015-01-28,11,2015-02-08,0,4200,420,840,2940,1,0,1,2,1,1074.07,133,34,0
CLM-0460,2015-01-28,28,2015-02-25,0,55600,11120,5560,38920,3,2,1,1,1,1628.0,186,37,0
CLM-0461,2015-01-28,18,2015-02-15,0,7200,720,1440,5040,0,0,unknown,0,1,1726.91,65,29,0
CLM-0462,2015-01-28,16,2015-02-13,0,63900,6390,6390,51120,1,0,1,0,1,1155.38,193,40,0
CLM-0463,2015-01-28,13,2015-02-10,0,86060,13240,13240,59580,3,1,1,2,2,1332.07,295,48,0
CLM-0464,2015-01-28,30,2015-02-27,0,31680,3520,3520,24640,1,0,1,1,4,1319.81,70,28,0
CLM-0465,2015-01-29,27,2015-02-25,0,7500,750,1500,5250,1,2,0,2,1,1234.2,78,29,6000000
CLM-0466,2015-01-29,22,2015-02-20,1,54360,4530,9060,40770,2,2,0,1,1,1307.68,142,29,0
CLM-0467,2015-01-29,20,2015-02-18,0,53680,9760,4880,39040,3,2,0,1,2,1439.9,147,37,6000000
CLM-0468,2015-01-29,13,2015-02-11,0,6400,640,640,5120,0,0,0,1,1,1134.91,219,40,0
CLM-0469,2015-01-29,30,2015-02-28,0,94160,8560,17120,68480,2,1,unknown,0,1,1338.54,284,42,-1000000
CLM-0470,2015-01-29,13,2015-02-11,0,47430,5270,5270,36890,3,1,unknown,2,1,1396.43,398,53,0
CLM-0471,2015-01-29,19,2015-02-17,0,68760,11460,5730,51570,2,1,1,1,3,1212.12,229,37,0
CLM-0472,2015-01-29,14,2015-02-12,0,28800,0,3600,25200,1,3,0,2,3,1497.35,279,41,0
CLM-0473,2015-01-29,18,2015-02-16,1,63120,10520,10520,42080,2,0,0,0,4,1131.4,473,58,0
CLM-0474,2015-01-29,12,2015-02-10,1,84500,13000,13000,58500,2,1,1,2,3,1569.33,371,50,0
CLM-0475,2015-01-29,26,2015-02-24,1,53280,11840,5920,35520,2,2,unknown,2,3,1665.45,246,45,0
CLM-0476,2015-01-30,12,2015-02-11,0,27700,2770,2770,22160,3,1,1,1,1,1442.99,27,33,0
CLM-0477,2015-01-30,25,2015-02-24,1,42680,3880,7760,31040,2,1,1,2,3,1185.44,175,36,0
CLM-0478,2015-01-30,13,2015-02-12,0,62920,9680,14520,38720,1,2,1,2,1,1409.06,86,29,0
CLM-0479,2015-01-30,27,2015-02-26,1,4620,840,840,2940,1,2,unknown,2,1,1526.61,360,51,0
CLM-0480,2015-01-30,26,2015-02-25,1,57240,4770,9540,42930,3,2,unknown,0,1,1694.09,84,32,7000000
CLM-0481,2015-01-30,16,2015-02-15,0,52560,11680,5840,35040,2,1,0,2,3,1366.39,396,57,0
CLM-0482,2015-01-30,14,2015-02-13,0,89520,14920,14920,59680,3,2,0,0,3,1066.7,252,46,0
CLM-0483,2015-01-30,21,2015-02-20,0,51740,11940,7960,31840,1,0,unknown,0,3,1124.6,222,42,0
CLM-0484,2015-01-30,26,2015-02-25,0,64900,12980,12980,38940,1,3,0,1,1,1243.84,250,43,0
CLM-0485,2015-01-30,22,2015-02-21,1,89700,13800,13800,62100,1,1,0,0,1,1239.22,107,31,7000000
CLM-0486,2015-01-30,12,2015-02-11,0,68400,11400,11400,45600,1,1,unknown,2,3,873.64,153,34,4000000
CLM-0487,2015-01-30,18,2015-02-17,0,50000,15000,5000,30000,1,0,unknown,2,1,1280.9,439,56,0
CLM-0488,2015-01-30,26,2015-02-25,0,53460,5940,5940,41580,3,0,unknown,1,3,1295.63,211,37,4000000
CLM-0489,2015-01-30,26,2015-02-25,0,81070,14740,14740,51590,3,0,0,2,3,1222.75,210,41,0
CLM-0490,2015-01-30,29,2015-02-28,0,80880,6740,13480,60660,1,1,0,2,3,1037.32,446,61,0
CLM-0491,2015-01-30,25,2015-02-24,0,87900,17580,8790,61530,2,0,unknown,0,3,1427.46,144,35,0
CLM-0492,2015-01-30,22,2015-02-21,0,30700,3070,6140,21490,3,2,0,0,3,1281.43,192,38,0
CLM-0493,2015-01-30,28,2015-02-27,1,70400,6400,19200,44800,2,0,unknown,0,1,942.51,152,33,0
CLM-0494,2015-01-30,26,2015-02-25,0,48400,9680,4840,33880,2,2,0,0,1,1090.03,48,35,0
CLM-0495,2015-01-30,13,2015-02-12,0,57640,5240,10480,41920,1,0,1,1,1,1035.79,84,30,0
CLM-0496,2015-01-30,21,2015-02-20,0,4700,940,470,3290,0,1,1,0,1,1318.24,31,36,9000000
CLM-0497,2015-01-31,18,2015-02-18,0,6240,960,960,4320,1,3,0,0,1,1238.89,334,47,0
CLM-0498,2015-01-31,28,2015-02-28,0,34290,3810,3810,26670,1,2,1,2,1,1564.43,286,43,3000000
CLM-0499,2015-01-31,21,2015-02-21,0,4950,900,450,3600,0,3,1,2,1,1421.59,185,35,0
CLM-0500,2015-01-31,18,2015-02-18,0,19080,4240,2120,12720,3,2,unknown,1,3,1042.26,241,39,0
CLM-0501,2015-01-31,16,2015-02-16,0,78500,15700,7850,54950,1,0,0,0,3,1206.26,421,57,0
CLM-0502,2015-01-31,23,2015-02-23,0,48730,4430,4430,39870,1,3,0,2,1,1171.75,126,30,0
CLM-0503,2015-01-31,29,2015-03-01,1,74280,12380,12380,49520,2,1,1,0,1,1454.42,85,30,0
CLM-0504,2015-01-31,28,2015-02-28,0,80100,8900,8900,62300,3,0,unknown,2,1,1191.5,209,38,0
CLM-0505,2015-01-31,24,2015-02-24,1,55440,0,6160,49280,2,1,1,0,1,1394.43,203,38,0
CLM-0506,2015-01-31,25,2015-02-25,0,8030,1460,730,5840,1,1,0,2,1,1493.5,76,31,5000000
CLM-0507,2015-01-31,30,2015-03-02,0,44110,4010,8020,32080,3,2,1,1,2,1403.9,273,41,0
CLM-0508,2015-01-31,14,2015-02-14,0,54000,6000,6000,42000,1,0,1,1,1,1102.29,289,47,0
CLM-0509,2015-01-31,12,2015-02-12,1,5940,540,1080,4320,0,3,1,0,1,1304.46,9,24,0
CLM-0510,2015-01-31,21,2015-02-21,1,59670,6630,6630,46410,2,3,unknown,0,3,951.46,116,30,0
CLM-0511,2015-01-31,29,2015-03-01,0,78000,6500,13000,58500,1,2,0,0,1,1216.56,475,57,0
CLM-0512,2015-01-31,30,2015-03-02,0,97080,16180,16180,64720,1,2,unknown,1,3,912.29,425,53,0
CLM-0513,2015-01-31,13,2015-02-13,1,56160,6240,6240,43680,2,1,unknown,0,3,1375.29,147,37,0
CLM-0514,2015-01-31,30,2015-03-02,1,71760,11040,11040,49680,2,0,unknown,2,4,1083.01,332,47,0
CLM-0515,2015-01-31,25,2015-02-25,0,47080,4280,8560,34240,1,3,unknown,0,3,987.42,214,36,7000000
CLM-0516,2015-01-31,16,2015-02-16,0,66200,6620,6620,52960,1,1,0,0,3,1215.36,290,45,0
CLM-0517,2015-02-01,22,2015-02-23,0,45630,5070,5070,35490,3,3,1,0,3,1320.75,106,31,0
CLM-0518,2015-02-01,30,2015-03-03,0,76120,13840,6920,55360,1,2,1,1,3,1348.83,325,46,0
CLM-0519,2015-02-01,19,2015-02-20,0,28440,3160,3160,22120,1,2,unknown,1,3,1231.01,133,30,0
CLM-0520,2015-02-01,16,2015-02-17,1,82170,14940,7470,59760,2,3,unknown,2,1,985.97,140,32,5000000
CLM-0521,2015-02-01,23,2015-02-24,0,65250,7250,7250,50750,1,1,1,0,1,1061.98,121,31,6000000
CLM-0522,2015-02-01,14,2015-02-15,1,73700,7370,7370,58960,2,0,0,2,1,1540.19,177,38,0
CLM-0523,2015-02-01,12,2015-02-13,0,77100,7710,15420,53970,1,2,1,2,3,972.47,231,43,0
CLM-0524,2015-02-01,20,2015-02-21,0,48360,4030,8060,36270,1,3,1,1,1,1189.98,2,20,4000000
CLM-0525,2015-02-01,20,2015-02-21,1,51810,9420,4710,37680,2,2,1,0,3,1379.93,257,40,0
CLM-0526,2015-02-01,27,2015-02-28,1,98670,15180,15180,68310,3,1,unknown,0,3,1297.75,269,44,4000000
CLM-0527,2015-02-01,24,2015-02-25,1,64000,12800,6400,44800,2,0,0,2,3,1398.51,214,41,4000000
CLM-0528,2015-02-01,21,2015-02-22,0,8760,1460,1460,5840,1,2,unknown,0,1,1248.25,40,39,4000000
CLM-0529,2015-02-01,18,2015-02-19,0,70700,7070,14140,49490,3,1,0,0,1,1405.71,215,38,0
CLM-0530,2015-02-01,19,2015-02-20,0,86400,14400,7200,64800,1,1,0,0,1,1205.86,337,53,0
CLM-0531,2015-02-01,21,2015-02-22,0,3960,660,660,2640,0,1,unknown,0,1,1550.53,34,24,0
CLM-0532,2015-02-01,26,2015-02-27,0,5000,1000,500,3500,0,3,0,1,1,1412.31,277,44,0
CLM-0533,2015-02-01,15,2015-02-16,1,48950,4450,8900,35600,1,2,unknown,0,1,1185.78,10,19,0
CLM-0534,2015-02-01,16,2015-02-17,0,61500,12300,6150,43050,3,0,unknown,1,1,1008.38,27,32,0
CLM-0535,2015-02-02,23,2015-02-25,0,6300,630,630,5040,0,1,1,2,1,965.21,190,40,0
CLM-0536,2015-02-02,22,2015-02-24,0,33930,0,3770,30160,1,1,0,1,3,835.02,478,64,0
CLM-0537,2015-02-02,17,2015-02-19,1,5000,500,1000,3500,0,1,unknown,2,1,995.7,3,29,5000000
CLM-0538,2015-02-02,19,2015-02-21,0,3850,350,350,3150,0,1,0,0,1,1629.94,122,29,0
CLM-0539,2015-02-02,18,2015-02-20,0,49140,5460,5460,38220,1,0,1,1,3,1757.21,115,30,0
CLM-0540,2015-02-02,27,2015-03-01,0,58300,5830,11660,40810,2,1,unknown,0,3,1514.72,275,41,0
CLM-0541,2015-02-02,11,2015-02-13,0,5940,660,660,4620,0,3,1,1,1,1342.8,244,40,0
CLM-0542,2015-02-02,14,2015-02-16,1,75400,17400,11600,46400,2,2,1,2,3,959.83,344,51,0
CLM-0543,2015-02-02,14,2015-02-16,0,58500,5850,5850,46800,2,2,1,2,1,1285.01,278,47,0
CLM-0544,2015-02-02,15,2015-02-17,1,98340,8940,17880,71520,2,3,unknown,0,1,1136.83,61,23,4000000
CLM-0545,2015-02-02,28,2015-03-02,0,3840,640,640,2560,0,1,unknown,0,1,1187.01,253,43,7000000
CLM-0546,2015-02-02,17,2015-02-19,1,53730,11940,5970,35820,1,2,0,0,3,1437.53,184,38,0
CLM-0547,2015-02-02,25,2015-02-27,0,85690,15580,15580,54530,3,0,0,0,1,1073.83,9,30,0
CLM-0548,2015-02-02,22,2015-02-24,1,70590,10860,10860,48870,2,0,unknown,0,1,1338.5,298,47,0
CLM-0549,2015-02-02,10,2015-02-12,0,3840,640,320,2880,0,1,0,0,1,1484.72,190,35,5000000
CLM-0550,2015-02-02,29,2015-03-03,1,69000,13800,6900,48300,2,1,1,2,3,1255.62,313,50,0
CLM-0551,2015-02-02,26,2015-02-28,1,99320,7640,15280,76400,2,1,unknown,2,1,990.98,398,58,0
CLM-0552,2015-02-02,16,2015-02-18,0,73800,12300,12300,49200,1,3,unknown,2,3,1347.31,186,38,0
CLM-0553,2015-02-02,22,2015-02-24,0,56600,11320,5660,39620,2,0,unknown,2,1,1568.47,46,24,4000000
CLM-0554,2015-02-02,13,2015-02-15,0,82830,7530,15060,60240,1,2,0,0,1,1398.46,344,51,0
CLM-0555,2015-02-02,13,2015-02-15,0,48950,8900,4450,35600,3,3,unknown,2,3,1193.4,130,30,0
CLM-0556,2015-02-02,15,2015-02-17,0,57900,17370,5790,34740,3,1,1,2,3,936.19,169,37,0
CLM-0557,2015-02-02,28,2015-03-02,0,59070,10740,5370,42960,1,0,0,0,4,1174.14,85,27,0
CLM-0558,2015-02-02,21,2015-02-23,1,57860,0,10520,47340,2,2,1,2,1,988.29,66,26,0
CLM-0559,2015-02-02,16,2015-02-18,0,5760,960,960,3840,0,1,1,2,1,1153.35,30,31,0
CLM-0560,2015-02-02,19,2015-02-21,0,56070,6230,12460,37380,1,1,unknown,0,1,1402.78,33,32,5000000
CLM-0561,2015-02-02,28,2015-03-02,1,68200,12400,12400,43400,2,3,unknown,0,3,995.55,440,57,5000000
CLM-0562,2015-02-02,16,2015-02-18,0,51090,7860,7860,35370,3,3,1,1,2,973.5,415,52,0
CLM-0563,2015-02-03,12,2015-02-15,0,52200,5220,10440,36540,1,3,unknown,1,1,1285.03,65,26,3000000
CLM-0564,2015-02-03,22,2015-02-25,0,6050,550,1100,4400,0,3,0,0,1,1060.88,78,27,0
CLM-0565,2015-02-03,22,2015-02-25,0,6120,1020,1020,4080,1,0,0,2,1,1620.89,63,24,0
CLM-0566,2015-02-03,27,2015-03-02,0,42000,7000,7000,28000,3,1,unknown,1,1,1040.75,211,35,0
CLM-0567,2015-02-03,29,2015-03-04,0,4950,900,450,3600,0,3,1,2,1,1111.17,267,46,0
CLM-0568,2015-02-03,17,2015-02-20,0,59400,6600,6600,46200,1,0,1,2,1,1063.67,463,57,0
CLM-0569,2015-02-03,18,2015-02-21,0,2800,280,280,2240,0,0,unknown,2,1,1313.51,154,36,7000000
CLM-0570,2015-02-03,16,2015-02-19,0,7680,1280,640,5760,0,3,0,1,1,947.75,259,43,0
CLM-0571,2015-02-03,10,2015-02-13,0,52380,5820,5820,40740,2,3,unknown,1,3,1457.65,146,31,5000000
CLM-0572,2015-02-03,12,2015-02-15,1,35900,7180,3590,25130,2,0,0,1,3,1030.95,270,44,0
CLM-0573,2015-02-03,22,2015-02-25,0,76400,15280,7640,53480,2,3,0,1,1,978.27,131,29,0
CLM-0574,2015-02-03,26,2015-03-01,0,67650,12300,6150,49200,3,0,unknown,1,3,1829.63,15,34,0
CLM-0575,2015-02-03,10,2015-02-13,1,55660,5060,10120,40480,2,0,0,1,1,1554.64,78,31,4000000
CLM-0576,2015-02-04,15,2015-02-19,0,61320,10220,10220,40880,1,2,unknown,2,1,1387.35,280,48,0
CLM-0577,2015-02-04,30,2015-03-06,1,55000,10000,10000,35000,2,0,0,0,1,1169.62,136,32,0
CLM-0578,2015-02-04,15,2015-02-19,1,66900,6690,13380,46830,1,2,1,1,3,1396.89,242,44,6000000
CLM-0579,2015-02-04,21,2015-02-25,0,105040,16160,16160,72720,3,1,0,0,1,664.86,149,34,0
CLM-0580,2015-02-04,22,2015-02-26,0,49060,8920,8920,31220,3,0,0,0,1,978.46,330,50,0
CLM-0581,2015-02-04,22,2015-02-26,1,47760,5970,5970,35820,2,1,unknown,2,3,1376.16,448,57,0
CLM-0582,2015-02-04,24,2015-02-28,0,44220,8040,4020,32160,3,0,1,1,1,1648.0,214,40,0
CLM-0583,2015-02-04,30,2015-03-06,1,78100,15620,7810,54670,2,1,1,2,3,1618.65,451,61,2000000
CLM-0584,2015-02-04,25,2015-03-01,0,6600,1200,1200,4200,1,1,0,1,1,1667.83,137,35,0
CLM-0585,2015-02-04,30,2015-03-06,1,44440,8080,4040,32320,2,2,0,0,1,1281.25,199,38,0
CLM-0586,2015-02-04,20,2015-02-24,0,62280,5190,10380,46710,1,0,1,0,4,736.07,419,53,6000000
CLM-0587,2015-02-04,14,2015-02-18,0,70830,7870,7870,55090,3,3,1,1,1,763.67,266,42,0
CLM-0588,2015-02-04,13,2015-02-17,0,3190,580,580,2030,0,2,unknown,2,1,1371.88,101,26,0
CLM-0589,2015-02-04,12,2015-02-16,0,42900,3900,3900,35100,3,1,1,1,3,1135.43,294,49,0
CLM-0590,2015-02-04,28,2015-03-04,0,5500,500,500,4500,1,0,unknown,1,1,1144.3,285,44,0
CLM-0591,2015-02-04,29,2015-03-05,1,84100,16820,8410,58870,1,0,0,0,1,945.73,272,41,5000000
CLM-0592,2015-02-04,27,2015-03-03,0,63300,12660,6330,44310,1,0,0,0,3,1418.5,69,24,0
CLM-0593,2015-02-04,24,2015-02-28,1,53600,5360,10720,37520,2,2,1,0,3,1371.78,27,28,0
CLM-0594,2015-02-04,18,2015-02-22,0,53370,5930,5930,41510,1,1,unknown,2,3,1143.95,12,24,0
CLM-0595,2015-02-04,26,2015-03-02,0,77440,7040,14080,56320,2,1,0,1,1,1132.74,202,38,0
CLM-0596,2015-02-04,23,2015-02-27,0,3300,600,600,2100,1,0,1,0,1,1107.07,137,35,0
CLM-0597,2015-02-04,24,2015-02-28,1,47400,9480,4740,33180,3,0,0,1,1,1537.07,102,32,3000000
CLM-0598,2015-02-04,10,2015-02-14,0,61800,12360,6180,43260,3,1,unknown,2,3,1128.71,224,39,0
CLM-0599,2015-02-04,30,2015-03-06,0,63600,6360,12720,44520,2,3,1,0,3,1616.58,142,30,0
CLM-0600,2015-02-05,12,2015-02-17,0,91260,14040,14040,63180,2,0,unknown,0,1,1021.9,8,21,0
CLM-0601,2015-02-05,25,2015-03-02,0,6200,1240,620,4340,1,0,unknown,2,1,1203.24,136,29,0
CLM-0602,2015-02-05,20,2015-02-25,0,55900,5590,5590,44720,3,1,0,1,3,1233.96,146,36,0
CLM-0603,2015-02-05,21,2015-02-26,0,90480,15080,15080,60320,3,0,1,2,3,1152.12,360,51,0
CLM-0604,2015-02-05,19,2015-02-24,1,55440,5040,10080,40320,3,1,unknown,0,2,1264.77,117,28,0
CLM-0605,2015-02-05,25,2015-03-02,0,32320,4040,4040,24240,1,0,0,1,3,988.06,61,25,0
CLM-0606,2015-02-05,17,2015-02-22,0,5590,860,860,3870,1,1,unknown,2,1,1395.58,274,44,0
CLM-0607,2015-02-05,15,2015-02-20,0,2640,480,480,1680,1,3,unknown,1,1,1351.72,396,57,0
CLM-0608,2015-02-05,21,2015-02-26,0,44280,4920,4920,34440,1,1,0,2,3,1365.46,176,39,4000000
CLM-0609,2015-02-05,30,2015-03-07,1,6400,640,1280,4480,0,2,0,2,1,814.96,255,44,6000000
CLM-0610,2015-02-05,17,2015-02-22,0,65430,14540,7270,43620,3,1,1,0,2,1082.1,98,26,0
CLM-0611,2015-02-05,13,2015-02-18,0,55680,6960,6960,41760,3,3,0,2,2,1594.45,285,44,0
CLM-0612,2015-02-05,17,2015-02-22,0,57500,5750,5750,46000,3,3,unknown,0,1,1664.66,110,27,0
CLM-0613,2015-02-05,27,2015-03-04,0,54560,9920,9920,34720,3,2,1,0,1,1331.94,229,37,0
CLM-0614,2015-02-05,14,2015-02-19,0,43560,4840,4840,33880,1,3,unknown,0,1,1006.99,465,63,6000000
CLM-0615,2015-02-05,18,2015-02-23,0,6100,610,1220,4270,0,1,0,0,1,1226.49,294,44,0
CLM-0616,2015-02-06,13,2015-02-19,0,63250,11500,5750,46000,3,0,unknown,0,1,1203.17,256,43,0
CLM-0617,2015-02-06,26,2015-03-04,0,63900,7100,7100,49700,1,0,0,1,1,1034.27,152,33,0
CLM-0618,2015-02-06,18,2015-02-24,1,63840,10640,10640,42560,2,3,1,0,1,1352.31,274,43,0
CLM-0619,2015-02-06,10,2015-02-16,0,6500,1300,650,4550,1,3,0,2,1,1344.36,428,59,7000000
CLM-0620,2015-02-06,30,2015-03-08,0,63720,7080,21240,35400,2,0,unknown,1,2,1097.64,119,27,0
CLM-0621,2015-02-06,29,2015-03-07,0,67200,6720,6720,53760,1,0,unknown,0,3,966.26,77,27,0
CLM-0622,2015-02-06,22,2015-02-28,1,68520,11420,5710,51390,2,2,1,2,3,1848.81,215,42,0
CLM-0623,2015-02-06,25,2015-03-03,0,58850,10700,10700,37450,1,2,1,1,3,1023.11,230,42,0
CLM-0624,2015-02-06,22,2015-02-28,0,85150,13100,13100,58950,3,1,0,0,1,885.08,245,40,0
CLM-0625,2015-02-06,23,2015-03-01,0,87100,8710,8710,69680,1,1,1,1,1,956.69,120,30,0
CLM-0626,2015-02-06,12,2015-02-18,0,70900,14180,7090,49630,1,1,1,2,3,1006.77,32,38,6000000
CLM-0627,2015-02-06,15,2015-02-21,0,65400,10900,10900,43600,3,2,0,2,3,1278.75,174,36,0
CLM-0628,2015-02-06,27,2015-03-05,0,95900,13700,20550,61650,1,2,unknown,0,3,1203.81,194,41,0
CLM-0629,2015-02-06,28,2015-03-06,0,46980,0,5220,41760,3,1,0,0,1,1280.88,257,44,0
CLM-0630,2015-02-06,14,2015-02-20,1,81070,7370,14740,58960,1,2,1,1,3,1279.13,272,43,0
CLM-0631,2015-02-06,24,2015-03-02,0,53400,5340,5340,42720,3,3,1,2,1,1592.41,92,32,0
CLM-0632,2015-02-06,11,2015-02-17,1,3900,390,780,2730,1,1,1,2,1,1200.33,163,37,4000000
CLM-0633,2015-02-06,19,2015-02-25,0,80520,13420,6710,60390,3,2,1,0,1,1603.42,233,37,0
CLM-0634,2015-02-06,27,2015-03-05,0,51570,5730,11460,34380,3,2,0,0,3,782.23,59,40,0
CLM-0635,2015-02-06,22,2015-02-28,1,74400,14880,7440,52080,2,1,unknown,2,2,1234.69,85,31,9000000
CLM-0636,2015-02-07,14,2015-02-21,0,57600,9600,9600,38400,1,2,0,2,3,1217.84,225,37,5000000
CLM-0637,2015-02-07,10,2015-02-17,1,40260,3660,7320,29280,2,3,0,1,1,1556.17,313,47,0
CLM-0638,2015-02-07,10,2015-02-17,1,63600,5300,10600,47700,2,0,unknown,2,1,1263.48,31,32,4000000
CLM-0639,2015-02-07,27,2015-03-06,0,26730,4860,4860,17010,3,0,1,1,3,974.16,315,44,6000000
CLM-0640,2015-02-07,24,2015-03-03,0,4900,490,1470,2940,1,1,0,2,1,1681.01,64,30,0
CLM-0641,2015-02-07,26,2015-03-05,1,59000,5900,5900,47200,2,0,unknown,2,1,1134.08,156,31,0
CLM-0642,2015-02-07,20,2015-02-27,1,66480,5540,11080,49860,2,3,0,1,3,1395.77,456,62,0
CLM-0643,2015-02-07,30,2015-03-09,0,56320,10240,5120,40960,2,0,0,2,3,1253.44,191,38,0
CLM-0644,2015-02-07,26,2015-03-05,0,88400,17680,8840,61880,3,1,1,1,3,995.56,399,55,0
CLM-0645,2015-02-07,22,2015-03-01,0,36400,3640,7280,25480,3,1,0,0,3,1744.64,158,33,3000000
CLM-0646,2015-02-08,10,2015-02-18,0,52030,9460,9460,33110,3,3,0,2,1,1274.63,173,36,0
CLM-0647,2015-02-08,11,2015-02-19,1,81240,6770,20310,54160,2,3,0,2,3,1042.25,258,41,0
CLM-0648,2015-02-08,18,2015-02-26,1,60390,10980,5490,43920,1,0,unknown,1,1,1411.3,264,41,0
CLM-0649,2015-02-08,12,2015-02-20,0,79500,7950,7950,63600,1,0,1,2,3,1363.59,140,36,0
CLM-0650,2015-02-08,10,2015-02-18,0,68160,11360,11360,45440,3,3,1,2,3,1250.08,407,55,5000000
CLM-0651,2015-02-08,30,2015-03-10,0,3960,330,660,2970,1,0,unknown,2,1,1399.26,165,32,0
CLM-0652,2015-02-08,25,2015-03-05,1,71610,13020,6510,52080,2,2,1,2,3,1359.36,175,39,5000000
CLM-0653,2015-02-08,15,2015-02-23,1,61290,6810,6810,47670,3,2,0,0,1,1055.53,222,41,0
CLM-0654,2015-02-08,26,2015-03-06,1,98280,15120,7560,75600,2,1,unknown,2,3,951.56,234,41,0
CLM-0655,2015-02-08,14,2015-02-22,0,38830,3530,3530,31770,1,1,unknown,1,1,1728.56,151,37,0
CLM-0656,2015-02-08,14,2015-02-22,0,74900,14980,7490,52430,1,2,1,0,1,1242.02,252,46,0
CLM-0657,2015-02-08,15,2015-02-23,1,76010,13820,6910,55280,1,0,unknown,1,3,1340.24,188,33,0
CLM-0658,2015-02-08,12,2015-02-20,1,55400,5540,11080,38780,2,1,1,1,1,1181.64,232,44,0
CLM-0659,2015-02-08,30,2015-03-10,0,53040,4420,4420,44200,1,0,unknown,2,3,1464.03,230,41,0
CLM-0660,2015-02-08,14,2015-02-22,1,75400,11600,11600,52200,3,2,unknown,0,3,1304.35,19,29,0
CLM-0661,2015-02-08,30,2015-03-10,1,50400,10080,5040,35280,2,2,0,2,2,1252.08,97,26,0
CLM-0662,2015-02-08,14,2015-02-22,1,112320,17280,17280,77760,2,0,1,1,1,847.03,193,41,0
CLM-0663,2015-02-09,19,2015-02-28,0,3520,640,320,2560,1,2,0,1,1,1422.56,282,48,7000000
CLM-0664,2015-02-09,19,2015-02-28,0,77990,7090,14180,56720,3,3,0,1,2,1459.93,369,53,0
CLM-0665,2015-02-09,28,2015-03-09,0,70680,5890,11780,53010,2,1,unknown,1,3,1483.25,219,43,0
CLM-0666,2015-02-09,26,2015-03-07,0,78120,17360,8680,52080,1,1,unknown,1,1,1624.82,93,32,0
CLM-0667,2015-02-09,30,2015-03-11,0,53680,4880,4880,43920,3,2,1,0,1,1083.72,166,34,0
CLM-0668,2015-02-09,23,2015-03-04,0,77440,14080,7040,56320,3,3,unknown,2,3,1616.26,169,36,0
CLM-0669,2015-02-09,18,2015-02-27,0,61740,6860,6860,48020,3,0,1,1,1,1851.78,141,30,0
CLM-0670,2015-02-09,23,2015-03-04,0,4800,960,480,3360,1,0,1,0,1,1052.85,104,30,0
CLM-0671,2015-02-09,10,2015-02-19,1,87960,14660,14660,58640,2,0,0,1,3,1232.72,222,39,0
CLM-0672,2015-02-09,28,2015-03-09,0,50700,5070,5070,40560,1,1,unknown,2,1,1267.4,246,43,6000000
CLM-0673,2015-02-09,22,2015-03-03,0,5390,980,980,3430,1,1,1,0,1,1440.68,449,57,0
CLM-0674,2015-02-09,22,2015-03-03,1,35300,3530,3530,28240,2,1,0,2,4,964.92,162,33,0
CLM-0675,2015-02-09,13,2015-02-22,0,59940,6660,6660,46620,2,3,unknown,0,1,1276.43,146,32,0
CLM-0676,2015-02-10,10,2015-02-20,0,62460,6940,6940,48580,3,2,unknown,1,1,1342.72,7,21,0
CLM-0677,2015-02-10,26,2015-03-08,0,51120,5680,5680,39760,3,2,0,2,1,538.17,106,30,0
CLM-0678,2015-02-10,17,2015-02-27,0,60170,5470,10940,43760,1,0,unknown,0,4,1354.2,140,30,0
CLM-0679,2015-02-10,11,2015-02-21,0,51840,8640,8640,34560,3,1,unknown,2,3,1698.51,339,48,0
CLM-0680,2015-02-10,17,2015-02-27,0,37840,0,4730,33110,3,2,unknown,1,3,875.15,217,41,0
CLM-0681,2015-02-10,16,2015-02-26,1,74700,7470,14940,52290,2,2,unknown,2,2,984.02,255,43,0
CLM-0682,2015-02-10,11,2015-02-21,0,4290,780,390,3120,0,0,0,1,1,1313.64,101,33,0
CLM-0683,2015-02-10,12,2015-02-22,0,7200,1440,720,5040,0,1,0,2,1,1019.44,38,28,0
CLM-0684,2015-02-10,27,2015-03-09,0,54400,5440,5440,43520,1,1,0,2,1,1235.1,223,43,0
CLM-0685,2015-02-10,21,2015-03-03,0,5100,1020,510,3570,1,3,0,1,1,1252.48,180,35,0
CLM-0686,2015-02-11,10,2015-02-21,0,47300,4300,8600,34400,3,1,1,2,1,1865.83,176,36,5000000
CLM-0687,2015-02-11,21,2015-03-04,0,5060,460,920,3680,0,2,unknown,0,1,1238.92,112,32,0
CLM-0688,2015-02-11,14,2015-02-25,0,44280,7380,3690,33210,3,3,0,0,3,1168.2,245,44,0
CLM-0689,2015-02-11,26,2015-03-09,0,82400,8240,8240,65920,1,2,1,0,3,1524.45,212,40,0
CLM-0690,2015-02-11,25,2015-03-08,1,84590,7690,7690,69210,2,1,unknown,1,1,1448.54,152,30,0
CLM-0691,2015-02-11,24,2015-03-07,0,30100,3010,0,27090,1,2,0,1,1,895.83,199,41,0
CLM-0692,2015-02-11,24,2015-03-07,0,69480,11580,11580,46320,1,2,0,2,3,1101.51,247,44,0
CLM-0693,2015-02-11,14,2015-02-25,0,40500,4050,4050,32400,3,0,0,0,1,915.41,5,21,5000000
CLM-0694,2015-02-11,30,2015-03-13,0,57970,10540,5270,42160,1,0,0,2,3,1446.98,32,29,0
CLM-0695,2015-02-11,23,2015-03-06,0,69740,6340,6340,57060,3,0,1,0,3,1463.95,239,40,0
CLM-0696,2015-02-12,11,2015-02-23,0,6820,620,1240,4960,0,0,1,2,1,1117.17,84,29,0
CLM-0697,2015-02-12,20,2015-03-04,0,54890,9980,4990,39920,1,0,0,1,3,709.14,303,46,0
CLM-0698,2015-02-12,28,2015-03-12,1,37280,0,0,37280,2,3,0,2,1,1275.39,375,50,0
CLM-0699,2015-02-12,16,2015-02-28,0,7110,790,1580,4740,1,3,0,2,1,914.85,103,29,0
CLM-0700,2015-02-12,15,2015-02-27,0,95150,17300,17300,60550,1,0,0,2,3,1353.33,264,43,0
CLM-0701,2015-02-12,11,2015-02-23,0,78870,7170,14340,57360,2,0,1,2,3,1290.74,316,45,5000000
CLM-0702,2015-02-12,15,2015-02-27,0,4680,520,0,4160,0,2,0,1,1,1344.56,321,44,6000000
CLM-0703,2015-02-12,27,2015-03-11,0,68090,12380,12380,43330,1,1,unknown,0,3,1153.54,242,41,6000000
CLM-0704,2015-02-12,11,2015-02-23,0,5060,460,920,3680,0,1,0,0,1,1236.5,122,33,0
CLM-0705,2015-02-12,27,2015-03-11,1,72400,7240,14480,50680,2,2,0,1,2,979.73,463,59,0
CLM-0706,2015-02-12,24,2015-03-08,0,48780,5420,10840,32520,1,3,unknown,1,3,1115.81,36,37,0
CLM-0707,2015-02-12,28,2015-03-12,0,64800,10800,5400,48600,3,1,1,0,1,1415.68,149,37,0
CLM-0708,2015-02-12,11,2015-02-23,0,75400,15080,7540,52780,3,0,unknown,1,1,982.22,260,43,0
CLM-0709,2015-02-12,29,2015-03-13,1,64200,6420,19260,38520,2,3,0,2,1,1430.8,51,34,0
CLM-0710,2015-02-12,15,2015-02-27,0,62370,5670,5670,51030,3,2,1,1,4,1181.46,264,47,10000000
CLM-0711,2015-02-12,10,2015-02-22,0,59670,9180,9180,41310,3,0,unknown,1,1,1245.61,261,46,0
CLM-0712,2015-02-12,24,2015-03-08,1,66880,6080,12160,48640,2,0,unknown,0,4,1282.93,4,34,0
CLM-0713,2015-02-12,19,2015-03-03,0,93480,15580,7790,70110,3,0,unknown,0,3,1495.1,350,54,0
CLM-0714,2015-02-12,28,2015-03-12,1,40810,3710,7420,29680,2,3,unknown,1,3,795.31,80,27,0
CLM-0715,2015-02-12,26,2015-03-10,0,40160,5020,0,35140,3,1,1,0,3,1191.19,73,26,4000000
CLM-0716,2015-02-13,14,2015-02-27,0,50490,5610,5610,39270,1,2,unknown,1,1,1086.21,252,39,0
CLM-0717,2015-02-13,13,2015-02-26,0,5400,600,600,4200,0,3,unknown,0,1,719.52,253,44,0
CLM-0718,2015-02-13,19,2015-03-04,0,47740,4340,4340,39060,1,2,1,0,4,1281.72,220,42,0
CLM-0719,2015-02-13,26,2015-03-11,0,64400,6440,6440,51520,1,0,1,2,3,838.02,189,39,0
CLM-0720,2015-02-13,19,2015-03-04,0,76450,6950,13900,55600,3,1,1,1,3,1969.63,37,31,0
CLM-0721,2015-02-13,26,2015-03-11,0,67800,13560,6780,47460,3,1,unknown,2,1,1863.04,79,25,0
CLM-0722,2015-02-13,29,2015-03-14,0,69850,12700,6350,50800,2,2,0,0,3,1047.06,264,44,6000000
CLM-0723,2015-02-13,14,2015-02-27,0,79560,13260,13260,53040,2,3,1,1,3,1388.58,189,36,0
CLM-0724,2015-02-13,11,2015-02-24,1,66780,7420,7420,51940,2,2,1,1,1,1194.0,88,25,0
CLM-0725,2015-02-13,15,2015-02-28,0,5160,860,860,3440,1,2,1,0,1,1500.04,63,26,6000000
CLM-0726,2015-02-13,30,2015-03-15,0,3200,400,400,2400,0,0,unknown,2,1,1074.47,27,28,0
CLM-0727,2015-02-13,11,2015-02-24,0,60000,5000,10000,45000,1,1,0,2,3,1468.82,64,28,0
CLM-0728,2015-02-13,22,2015-03-07,1,62880,5240,10480,47160,3,1,unknown,2,1,1064.49,435,60,5000000
CLM-0729,2015-02-13,20,2015-03-05,0,41520,5190,5190,31140,1,1,unknown,1,2,1161.03,290,48,5000000
CLM-0730,2015-02-13,20,2015-03-05,1,71190,0,7910,63280,2,0,unknown,2,1,920.81,231,37,0
CLM-0731,2015-02-13,25,2015-03-10,0,34650,6300,3150,25200,1,1,1,2,1,1048.39,87,27,0
CLM-0732,2015-02-14,20,2015-03-06,0,64620,7180,0,57440,1,2,0,1,3,1294.93,195,38,6000000
CLM-0733,2015-02-14,28,2015-03-14,0,62800,6280,12560,43960,3,0,0,0,3,1373.21,446,57,0
CLM-0734,2015-02-14,24,2015-03-10,0,56400,11280,11280,33840,1,2,unknown,0,1,1081.08,269,44,0
CLM-0735,2015-02-14,25,2015-03-11,0,53190,5910,11820,35460,1,2,0,2,3,1117.42,35,35,0
CLM-0736,2015-02-14,20,2015-03-06,0,59300,11860,5930,41510,3,3,1,0,2,1255.35,212,39,0
CLM-0737,2015-02-14,25,2015-03-11,0,85250,15500,7750,62000,2,1,0,1,1,1555.52,422,60,0
CLM-0738,2015-02-14,17,2015-03-03,1,84480,7680,15360,61440,1,3,0,1,1,1269.64,437,60,0
CLM-0739,2015-02-14,13,2015-02-27,0,90530,16460,16460,57610,3,1,unknown,0,1,1124.47,204,38,0
CLM-0740,2015-02-14,17,2015-03-03,1,71280,12960,12960,45360,2,1,1,2,1,1587.96,14,28,0
CLM-0741,2015-02-14,13,2015-02-27,0,64570,5870,11740,46960,2,0,0,0,3,1358.2,253,46,0
CLM-0742,2015-02-14,12,2015-02-26,0,34800,3480,6960,24360,1,3,unknown,0,1,1370.92,95,30,0
CLM-0743,2015-02-14,12,2015-02-26,1,76230,6930,13860,55440,1,2,0,2,1,1340.71,271,44,0
CLM-0744,2015-02-14,27,2015-03-13,1,86130,15660,7830,62640,2,1,1,0,1,1173.21,39,22,0
CLM-0745,2015-02-14,28,2015-03-14,1,47700,4770,9540,33390,2,2,0,2,4,1257.83,157,31,7000000
CLM-0746,2015-02-14,28,2015-03-14,1,53820,11960,5980,35880,2,0,0,1,2,1188.28,61,26,6000000
CLM-0747,2015-02-14,30,2015-03-16,0,78240,13040,13040,52160,3,0,unknown,2,3,1197.71,45,38,0
CLM-0748,2015-02-14,14,2015-02-28,1,82610,7510,7510,67590,1,2,unknown,0,1,840.81,152,33,0
CLM-0749,2015-02-14,27,2015-03-13,1,70800,7080,14160,49560,2,3,unknown,2,1,1238.62,22,29,6000000
CLM-0750,2015-02-15,19,2015-03-06,0,75960,6330,6330,63300,3,1,0,0,1,1251.16,379,54,0
CLM-0751,2015-02-15,30,2015-03-17,1,58300,5830,11660,40810,2,3,0,2,1,1567.37,460,57,0
CLM-0752,2015-02-15,15,2015-03-02,1,59100,5910,5910,47280,3,2,1,1,3,1366.42,151,37,0
CLM-0753,2015-02-15,10,2015-02-25,0,114920,17680,17680,79560,2,2,1,1,3,1137.16,447,61,0
CLM-0754,2015-02-15,14,2015-03-01,0,79800,15960,7980,55860,3,3,0,2,3,1455.65,65,30,4000000
CLM-0755,2015-02-15,18,2015-03-05,0,61650,6850,6850,47950,3,2,unknown,2,3,1601.47,43,38,0
CLM-0756,2015-02-15,21,2015-03-08,0,53280,5920,0,47360,3,2,unknown,1,3,1248.05,22,21,0
CLM-0757,2015-02-15,23,2015-03-10,0,48000,9600,4800,33600,2,3,0,1,3,1004.14,41,25,0
CLM-0758,2015-02-15,11,2015-02-26,0,2970,330,330,2310,1,1,0,1,1,1427.14,165,33,0
CLM-0759,2015-02-15,26,2015-03-13,0,57700,11540,5770,40390,1,3,1,2,4,1005.47,180,33,0
CLM-0760,2015-02-15,23,2015-03-10,1,64300,6430,6430,51440,2,2,unknown,1,3,1140.91,121,31,0
CLM-0761,2015-02-15,22,2015-03-09,0,49400,9880,4940,34580,2,3,unknown,0,3,1156.19,322,44,0
CLM-0762,2015-02-15,18,2015-03-05,0,82170,7470,7470,67230,1,2,1,0,1,1361.45,245,40,0
CLM-0763,2015-02-15,24,2015-03-11,0,64350,7150,7150,50050,2,3,unknown,0,3,1011.92,468,62,0
CLM-0764,2015-02-15,24,2015-03-11,0,91650,14100,14100,63450,1,2,0,2,1,1104.5,241,45,0
CLM-0765,2015-02-15,20,2015-03-07,0,73400,7340,7340,58720,3,0,0,1,1,1075.41,102,28,0
CLM-0766,2015-02-16,25,2015-03-13,1,31350,2850,5700,22800,2,3,unknown,0,3,765.64,10,26,0
CLM-0767,2015-02-16,26,2015-03-14,0,57100,5710,5710,45680,3,1,1,2,3,1148.58,249,43,0
CLM-0768,2015-02-16,13,2015-03-01,0,18000,2250,2250,13500,3,1,0,1,3,1057.77,177,34,0
CLM-0769,2015-02-16,10,2015-02-26,1,6120,680,680,4760,1,2,unknown,1,1,1554.86,140,31,6000000
CLM-0770,2015-02-16,17,2015-03-05,0,71060,6460,12920,51680,2,1,unknown,1,1,1608.34,272,41,0
CLM-0771,2015-02-16,26,2015-03-14,0,74030,6730,13460,53840,1,1,unknown,2,3,1039.55,137,30,0
CLM-0772,2015-02-16,12,2015-02-28,0,101860,18520,18520,64820,3,2,1,0,1,986.53,128,28,0
CLM-0773,2015-02-16,29,2015-03-17,0,62810,11420,11420,39970,3,1,unknown,0,3,1209.41,208,36,5000000
CLM-0774,2015-02-16,24,2015-03-12,0,64080,7120,7120,49840,3,2,0,1,3,1219.27,296,42,0
CLM-0775,2015-02-16,24,2015-03-12,0,59520,9920,9920,39680,1,2,0,0,1,714.03,410,54,0
CLM-0776,2015-02-16,23,2015-03-11,1,47630,12990,4330,30310,2,2,0,0,1,1053.02,343,52,0
CLM-0777,2015-02-16,23,2015-03-11,0,33550,3050,6100,24400,1,3,1,2,1,1138.42,298,46,6000000
CLM-0778,2015-02-16,11,2015-02-27,0,6930,630,1260,5040,0,2,0,2,1,1496.44,428,53,0
CLM-0779,2015-02-16,22,2015-03-10,1,42700,4270,4270,34160,3,0,0,0,4,1524.45,238,43,4000000
CLM-0780,2015-02-16,23,2015-03-11,0,5640,940,940,3760,0,2,unknown,2,1,1259.02,85,25,0
CLM-0781,2015-02-16,28,2015-03-16,0,7700,770,1540,5390,0,2,unknown,1,1,1558.29,247,39,0
CLM-0782,2015-02-17,16,2015-03-05,0,60200,6020,6020,48160,3,1,unknown,0,3,1235.14,124,28,0
CLM-0783,2015-02-17,12,2015-03-01,0,58500,11700,5850,40950,1,3,1,2,1,1442.27,143,34,0
CLM-0784,2015-02-17,24,2015-03-13,0,66550,12100,6050,48400,3,2,unknown,0,3,1347.92,305,49,0
CLM-0785,2015-02-17,23,2015-03-12,0,6500,1300,650,4550,1,1,0,0,1,1583.91,228,44,6000000
CLM-0786,2015-02-17,20,2015-03-09,0,71100,7110,14220,49770,3,2,unknown,0,1,1022.42,182,40,0
CLM-0787,2015-02-17,24,2015-03-13,0,9000,900,1800,6300,1,2,unknown,0,1,1389.13,370,55,7000000
CLM-0788,2015-02-17,22,2015-03-11,0,69400,13880,6940,48580,1,2,0,2,1,1558.86,282,46,0
CLM-0789,2015-02-17,27,2015-03-16,0,36300,3300,9900,23100,3,3,1,2,3,1302.4,206,39,6000000
CLM-0790,2015-02-17,15,2015-03-04,1,74200,14840,14840,44520,2,3,0,1,1,904.7,230,39,7000000
CLM-0791,2015-02-17,12,2015-03-01,0,70290,12780,6390,51120,3,1,unknown,0,1,1310.76,105,33,0
CLM-0792,2015-02-17,28,2015-03-17,0,60700,12140,6070,42490,1,1,0,1,1,1672.88,295,46,0
CLM-0793,2015-02-17,24,2015-03-13,0,6560,820,820,4920,0,3,0,2,1,1474.66,283,48,0
CLM-0794,2015-02-17,14,2015-03-03,0,77000,14000,7000,56000,3,2,unknown,0,1,1559.34,280,43,0
CLM-0795,2015-02-17,19,2015-03-08,0,72120,12020,12020,48080,3,2,0,1,1,1326.0,123,31,0
CLM-0796,2015-02-17,16,2015-03-05,0,59730,10860,10860,38010,3,2,unknown,0,3,1307.11,319,47,0
CLM-0797,2015-02-17,26,2015-03-15,1,55000,10000,10000,35000,3,1,unknown,2,1,1358.03,16,35,0
CLM-0798,2015-02-17,16,2015-03-05,0,48290,8780,8780,30730,3,1,unknown,2,1,1472.77,66,28,0
CLM-0799,2015-02-17,21,2015-03-10,0,71800,14360,14360,43080,3,2,1,2,1,1685.69,458,59,0
CLM-0800,2015-02-17,26,2015-03-15,0,3190,580,290,2320,0,1,1,0,1,1075.71,6,27,0
CLM-0801,2015-02-17,22,2015-03-11,0,59040,6560,6560,45920,3,3,0,1,3,1693.63,377,53,0
CLM-0802,2015-02-17,29,2015-03-18,0,6000,1000,1000,4000,1,3,unknown,1,1,1459.5,45,31,0
CLM-0803,2015-02-17,13,2015-03-02,1,55200,11040,5520,38640,2,3,unknown,0,3,1367.99,156,38,0
CLM-0804,2015-02-17,19,2015-03-08,0,39690,0,0,39690,3,3,0,0,3,1097.99,362,55,0
CLM-0805,2015-02-17,12,2015-03-01,0,42500,8500,4250,29750,1,3,1,2,3,954.18,233,43,0
CLM-0806,2015-02-17,18,2015-03-07,0,74140,13480,13480,47180,3,2,1,0,1,1009.37,230,44,0
CLM-0807,2015-02-17,22,2015-03-11,0,48070,8740,8740,30590,2,3,0,1,3,1017.18,93,31,0
CLM-0808,2015-02-18,27,2015-03-17,0,6820,1240,1240,4340,1,0,1,0,1,1315.56,201,40,0
CLM-0809,2015-02-18,24,2015-03-14,0,66950,10300,10300,46350,1,2,0,1,1,1331.69,231,43,0
CLM-0810,2015-02-18,13,2015-03-03,0,74700,14940,7470,52290,3,1,unknown,1,3,1622.67,76,24,0
CLM-0811,2015-02-18,24,2015-03-14,0,69100,6910,6910,55280,3,1,1,2,4,1072.62,235,42,0
CLM-0812,2015-02-18,11,2015-03-01,1,71680,8960,8960,53760,2,3,unknown,2,1,1384.51,82,27,0
CLM-0813,2015-02-18,24,2015-03-14,0,64350,9900,9900,44550,2,2,unknown,0,1,1265.72,475,61,0
CLM-0814,2015-02-18,17,2015-03-07,0,49800,9960,4980,34860,2,2,unknown,0,1,770.76,26,39,0
CLM-0815,2015-02-18,17,2015-03-07,0,58560,9760,9760,39040,3,1,unknown,2,1,1143.46,338,47,4000000
CLM-0816,2015-02-18,26,2015-03-16,0,72100,7210,14420,50470,1,1,1,2,3,1402.75,461,61,0
CLM-0817,2015-02-18,21,2015-03-11,0,67600,13520,6760,47320,1,3,unknown,1,3,976.37,385,51,0
CLM-0818,2015-02-18,28,2015-03-18,0,10790,1660,830,8300,0,2,1,0,1,1325.44,239,41,7000000
CLM-0819,2015-02-18,19,2015-03-09,0,77110,0,14020,63090,3,1,unknown,1,3,1240.47,163,33,0
CLM-0820,2015-02-18,18,2015-03-08,0,7400,740,1480,5180,1,0,unknown,0,1,1255.68,144,36,6000000
CLM-0821,2015-02-18,14,2015-03-04,0,51100,10220,5110,35770,2,0,1,2,3,1712.68,53,36,0
CLM-0822,2015-02-18,15,2015-03-05,0,51210,11380,5690,34140,3,1,0,1,3,1119.23,293,45,0
CLM-0823,2015-02-19,29,2015-03-20,0,6400,640,640,5120,1,0,0,0,1,1270.29,441,55,4000000
CLM-0824,2015-02-19,11,2015-03-02,1,77000,15400,7700,53900,1,3,unknown,2,1,944.03,232,42,0
CLM-0825,2015-02-19,22,2015-03-13,0,69630,12660,6330,50640,1,1,unknown,2,3,1272.46,180,36,0
CLM-0826,2015-02-19,15,2015-03-06,0,50800,10160,10160,30480,1,2,0,1,3,1340.43,137,31,0
CLM-0827,2015-02-19,14,2015-03-05,0,52800,10560,5280,36960,2,0,1,1,1,1474.17,80,27,0
CLM-0828,2015-02-19,10,2015-03-01,1,70200,7020,7020,56160,2,0,0,1,1,1780.67,234,44,0
CLM-0829,2015-02-19,30,2015-03-21,1,35860,3260,6520,26080,3,0,1,0,3,1017.97,335,48,0
CLM-0830,2015-02-19,30,2015-03-21,0,3080,560,280,2240,1,0,0,0,1,1251.65,271,40,0
CLM-0831,2015-02-19,15,2015-03-06,0,57330,6370,6370,44590,3,2,0,0,1,1175.7,108,31,0
CLM-0832,2015-02-19,15,2015-03-06,0,61920,6880,6880,48160,2,3,unknown,1,3,1276.73,239,38,5000000
CLM-0833,2015-02-20,25,2015-03-17,0,7150,1300,650,5200,0,0,1,1,1,935.77,241,43,0
CLM-0834,2015-02-20,13,2015-03-05,0,72820,13240,6620,52960,1,1,unknown,0,3,964.79,245,39,8000000
CLM-0835,2015-02-20,20,2015-03-12,1,54960,6870,0,48090,2,2,unknown,0,3,1243.68,297,48,0
CLM-0836,2015-02-20,18,2015-03-10,0,5830,1060,530,4240,0,1,1,2,1,1390.72,225,39,0
CLM-0837,2015-02-20,12,2015-03-04,0,64100,6410,6410,51280,2,3,1,1,1,1025.54,94,30,0
CLM-0838,2015-02-20,28,2015-03-20,0,58960,5360,10720,42880,3,1,1,2,3,796.35,85,30,0
CLM-0839,2015-02-20,17,2015-03-09,1,90860,12980,19470,58410,2,2,1,1,1,1178.61,427,60,7000000
CLM-0840,2015-02-20,14,2015-03-06,0,59070,5370,5370,48330,3,0,unknown,0,1,1878.44,128,29,0
CLM-0841,2015-02-20,13,2015-03-05,0,77700,7770,15540,54390,1,1,0,1,3,1537.33,103,27,0
CLM-0842,2015-02-20,15,2015-03-07,1,6490,590,1180,4720,1,2,unknown,2,1,1575.74,245,42,7000000
CLM-0843,2015-02-20,11,2015-03-03,0,54340,9880,4940,39520,2,3,1,0,1,1124.69,162,35,0
CLM-0844,2015-02-20,29,2015-03-21,0,64080,10680,10680,42720,1,1,0,0,1,1482.57,260,46,0
CLM-0845,2015-02-20,20,2015-03-12,1,68310,12420,6210,49680,2,3,unknown,2,2,1105.49,271,42,0
CLM-0846,2015-02-20,13,2015-03-05,0,61600,6160,12320,43120,3,1,0,0,3,1070.63,83,24,0
CLM-0847,2015-02-21,24,2015-03-17,0,2250,250,250,1750,1,1,0,1,1,1551.61,191,33,0
CLM-0848,2015-02-21,15,2015-03-08,1,53280,4440,8880,39960,2,1,0,1,3,1093.83,266,42,4000000
CLM-0849,2015-02-21,26,2015-03-19,0,28100,2810,5620,19670,1,2,0,2,1,1451.01,298,49,0
CLM-0850,2015-02-21,15,2015-03-08,0,6930,1260,630,5040,1,0,1,2,1,1075.18,80,25,5000000
CLM-0851,2015-02-21,28,2015-03-21,0,55120,6890,0,48230,3,3,unknown,2,3,1454.43,265,40,0
CLM-0852,2015-02-21,11,2015-03-04,1,73920,13440,6720,53760,2,0,unknown,1,3,920.3,81,25,5000000
CLM-0853,2015-02-21,24,2015-03-17,0,4200,840,420,2940,0,2,unknown,0,1,1381.88,4,29,5000000
CLM-0854,2015-02-21,20,2015-03-13,1,4700,940,470,3290,1,3,0,1,1,1292.3,478,63,0
CLM-0855,2015-02-21,17,2015-03-10,1,59400,11880,5940,41580,1,3,0,0,3,1312.22,252,39,9000000
CLM-0856,2015-02-21,28,2015-03-21,0,91080,16560,16560,57960,1,3,1,1,3,1007.28,109,29,6000000
CLM-0857,2015-02-21,22,2015-03-15,0,44640,9920,4960,29760,2,3,unknown,2,1,1377.94,129,28,0
CLM-0858,2015-02-21,21,2015-03-14,0,76120,6920,13840,55360,2,0,unknown,2,4,1163.83,143,31,0
CLM-0859,2015-02-21,14,2015-03-07,0,70900,14180,7090,49630,2,3,0,2,1,989.24,472,64,0
CLM-0860,2015-02-21,15,2015-03-08,0,77800,15560,15560,46680,2,1,unknown,0,4,1527.95,309,47,0
CLM-0861,2015-02-21,13,2015-03-06,0,79500,15900,7950,55650,1,3,unknown,2,1,1453.92,163,38,0
CLM-0862,2015-02-21,28,2015-03-21,0,73560,12260,12260,49040,3,2,1,0,3,1198.15,124,32,0
CLM-0863,2015-02-21,29,2015-03-22,0,5940,660,660,4620,0,1,0,0,1,1448.84,276,46,0
CLM-0864,2015-02-21,10,2015-03-03,1,50050,7700,3850,38500,2,1,unknown,2,3,1306.0,257,40,0
CLM-0865,2015-02-21,29,2015-03-22,0,94560,7880,15760,70920,2,2,1,1,3,1523.17,56,29,0
CLM-0866,2015-02-22,26,2015-03-20,0,60480,6720,6720,47040,3,2,1,2,1,1157.97,222,38,0
CLM-0867,2015-02-22,21,2015-03-15,0,60750,6750,6750,47250,3,1,0,2,3,1482.14,20,37,0
CLM-0868,2015-02-22,24,2015-03-18,0,69300,13860,13860,41580,1,0,unknown,2,1,1167.3,255,41,4000000
CLM-0869,2015-02-22,10,2015-03-04,0,4300,430,430,3440,1,1,1,2,1,1530.52,217,39,0
CLM-0870,2015-02-22,23,2015-03-17,0,88920,6840,13680,68400,1,0,unknown,2,2,1242.96,371,52,7000000
CLM-0871,2015-02-22,15,2015-03-09,0,50500,10100,5050,35350,3,0,1,1,3,1153.49,208,36,0
CLM-0872,2015-02-22,14,2015-03-08,1,24570,2730,2730,19110,3,1,unknown,2,3,1433.24,210,35,0
CLM-0873,2015-02-22,20,2015-03-14,1,61380,11160,5580,44640,2,2,1,1,1,1649.18,246,44,0
CLM-0874,2015-02-22,13,2015-03-07,0,5400,900,900,3600,0,2,1,1,1,1148.73,295,48,0
CLM-0875,2015-02-22,22,2015-03-16,0,2400,300,300,1800,1,3,0,1,1,1414.74,94,32,0
CLM-0876,2015-02-22,20,2015-03-14,0,63300,6330,6330,50640,3,3,1,1,1,1467.76,210,37,0
CLM-0877,2015-02-22,12,2015-03-06,1,82320,13720,6860,61740,1,2,0,2,3,1362.87,254,39,0
CLM-0878,2015-02-22,10,2015-03-04,0,34650,7700,3850,23100,1,3,0,2,3,1413.14,134,29,5000000
CLM-0879,2015-02-22,15,2015-03-09,0,37520,4690,4690,28140,1,2,1,0,3,1260.56,241,39,0
CLM-0880,2015-02-22,27,2015-03-21,0,51000,8500,8500,34000,2,1,unknown,0,3,965.13,112,27,0
CLM-0881,2015-02-22,19,2015-03-13,0,52110,5790,5790,40530,2,2,1,1,3,1199.44,70,26,5000000
CLM-0882,2015-02-22,14,2015-03-08,0,57200,5200,10400,41600,1,3,0,0,3,1381.14,178,38,0
CLM-0883,2015-02-22,19,2015-03-13,0,60400,6040,6040,48320,2,0,0,2,3,1475.73,196,39,0
CLM-0884,2015-02-22,21,2015-03-15,0,45100,8200,4100,32800,1,0,unknown,0,3,1232.57,187,34,0
CLM-0885,2015-02-22,11,2015-03-05,0,87200,17440,8720,61040,1,1,unknown,0,1,1310.8,3,38,0
CLM-0886,2015-02-23,22,2015-03-17,0,61380,11160,5580,44640,1,2,1,2,3,1337.92,108,29,0
CLM-0887,2015-02-23,17,2015-03-12,0,61500,6150,12300,43050,2,2,0,2,3,823.17,194,39,0
CLM-0888,2015-02-23,11,2015-03-06,0,61490,5590,11180,44720,1,3,unknown,0,1,1155.97,356,47,0
CLM-0889,2015-02-23,29,2015-03-24,1,36720,4080,4080,28560,2,1,1,2,1,915.29,175,34,0
CLM-0890,2015-02-23,10,2015-03-05,0,70920,11820,11820,47280,1,2,1,0,1,1595.07,86,28,0
CLM-0891,2015-02-23,14,2015-03-09,0,83160,15120,15120,52920,3,3,1,0,3,1356.64,95,32,0
CLM-0892,2015-02-23,18,2015-03-13,0,71440,8930,8930,53580,3,2,1,0,1,1434.51,328,49,0
CLM-0893,2015-02-23,26,2015-03-21,0,8970,1380,1380,6210,1,0,unknown,0,1,1294.41,41,33,0
CLM-0894,2015-02-23,18,2015-03-13,0,57120,9520,4760,42840,1,0,1,2,3,1632.93,215,37,0
CLM-0895,2015-02-23,20,2015-03-15,0,74200,7420,7420,59360,1,2,unknown,0,3,1022.46,91,26,0
CLM-0896,2015-02-23,24,2015-03-19,0,58410,10620,5310,42480,2,1,1,0,3,1078.22,126,34,0
CLM-0897,2015-02-23,15,2015-03-10,0,66840,16710,5570,44560,2,1,unknown,0,1,802.24,236,38,0
CLM-0898,2015-02-23,12,2015-03-07,0,48100,11100,7400,29600,2,2,1,0,3,1229.16,8,31,4000000
CLM-0899,2015-02-23,26,2015-03-21,0,78320,7120,14240,56960,3,3,0,2,1,1509.04,96,26,0
CLM-0900,2015-02-23,14,2015-03-09,0,65780,11960,11960,41860,3,3,1,0,1,1532.8,294,46,0
CLM-0901,2015-02-23,21,2015-03-16,1,50300,10060,5030,35210,2,0,1,1,1,1129.23,243,41,0
CLM-0902,2015-02-23,27,2015-03-22,0,6600,600,1200,4800,0,3,unknown,2,1,862.19,398,55,0
CLM-0903,2015-02-23,23,2015-03-18,1,70290,12780,6390,51120,3,3,unknown,2,1,1314.6,328,46,0
CLM-0904,2015-02-23,30,2015-03-25,0,74880,12480,12480,49920,1,3,1,0,3,1122.95,38,28,4000000
CLM-0905,2015-02-24,20,2015-03-16,0,77880,7080,14160,56640,1,3,0,1,1,883.31,237,40,0
CLM-0906,2015-02-24,18,2015-03-14,0,69700,6970,6970,55760,3,3,1,1,1,900.02,165,35,6000000
CLM-0907,2015-02-24,11,2015-03-07,0,78300,15660,7830,54810,1,0,unknown,0,3,653.66,35,29,0
CLM-0908,2015-02-24,21,2015-03-17,1,54240,9040,9040,36160,1,3,unknown,1,3,1053.04,101,33,7000000
CLM-0909,2015-02-24,12,2015-03-08,0,63030,5730,11460,45840,2,3,unknown,2,1,1484.48,26,42,0
CLM-0910,2015-02-24,12,2015-03-08,0,3900,780,390,2730,0,3,0,1,1,1172.82,107,32,4000000
CLM-0911,2015-02-24,10,2015-03-06,0,7080,1180,1180,4720,1,1,1,1,1,1124.38,390,51,0
CLM-0912,2015-02-24,17,2015-03-13,0,95810,14740,14740,66330,1,0,unknown,2,1,1362.87,138,33,5000000
CLM-0913,2015-02-24,17,2015-03-13,0,53440,0,6680,46760,3,0,1,0,1,1399.27,96,30,6000000
CLM-0914,2015-02-24,20,2015-03-16,0,70400,12800,12800,44800,1,3,0,1,1,1437.33,299,42,0
CLM-0915,2015-02-24,18,2015-03-14,1,41580,3780,7560,30240,2,3,0,1,3,1389.59,168,39,0
CLM-0916,2015-02-24,14,2015-03-10,0,29790,3310,3310,23170,3,3,0,2,3,1088.34,155,35,0
CLM-0917,2015-02-24,23,2015-03-19,0,66950,10300,10300,46350,3,1,unknown,1,2,1326.44,127,29,5000000
CLM-0918,2015-02-24,12,2015-03-08,0,5700,570,570,4560,0,3,0,0,1,1166.62,380,53,6000000
CLM-0919,2015-02-24,30,2015-03-26,0,54340,9880,0,44460,3,0,1,0,3,1187.53,270,45,0
CLM-0920,2015-02-24,14,2015-03-10,0,4320,480,960,2880,0,1,1,1,1,1540.91,25,38,7000000
CLM-0921,2015-02-24,14,2015-03-10,1,44880,8160,4080,32640,2,0,0,2,3,1462.76,159,33,0
CLM-0922,2015-02-25,28,2015-03-25,0,56000,14000,0,42000,3,0,1,2,1,1437.88,88,30,0
CLM-0923,2015-02-25,23,2015-03-20,0,41850,4650,4650,32550,2,2,unknown,1,1,1111.72,61,23,0
CLM-0924,2015-02-25,13,2015-03-10,0,60570,6730,6730,47110,1,0,0,1,1,1338.4,91,31,4000000
CLM-0925,2015-02-25,22,2015-03-19,1,55170,6130,6130,42910,2,0,0,1,1,845.16,310,48,0
CLM-0926,2015-02-25,19,2015-03-16,0,68970,12540,6270,50160,3,3,1,2,3,1346.18,195,36,0
CLM-0927,2015-02-25,27,2015-03-24,0,3600,400,400,2800,0,1,1,1,1,922.85,186,38,0
CLM-0928,2015-02-25,17,2015-03-14,0,4680,520,520,3640,1,3,1,0,1,1173.25,114,30,0
CLM-0929,2015-02-25,17,2015-03-14,0,57700,5770,5770,46160,3,1,0,0,1,1310.71,124,32,0
CLM-0930,2015-02-25,16,2015-03-13,0,59200,0,11840,47360,2,1,0,0,1,911.53,237,43,0
CLM-0931,2015-02-25,17,2015-03-14,0,61490,11180,11180,39130,3,2,1,1,1,1339.39,56,42,0
CLM-0932,2015-02-25,23,2015-03-20,0,57000,0,11400,45600,3,0,1,0,3,803.36,73,30,0
CLM-0933,2015-02-25,28,2015-03-25,0,95000,9500,9500,76000,2,1,1,1,1,1576.41,198,34,0
CLM-0934,2015-02-25,15,2015-03-12,0,56340,6260,6260,43820,1,1,0,2,1,1328.18,458,61,0
CLM-0935,2015-02-25,10,2015-03-07,1,88660,8060,16120,64480,3,3,0,2,1,1054.83,125,35,7000000
CLM-0936,2015-02-25,24,2015-03-21,0,5500,1100,550,3850,1,3,1,1,1,1488.02,238,39,0
CLM-0937,2015-02-25,10,2015-03-07,0,3300,600,0,2700,0,3,unknown,2,1,806.31,247,39,0
CLM-0938,2015-02-25,26,2015-03-23,0,79090,14380,7190,57520,1,0,unknown,2,3,1261.28,54,35,0
CLM-0939,2015-02-25,10,2015-03-07,0,72000,7200,7200,57600,2,3,1,0,3,1301.72,124,29,0
CLM-0940,2015-02-26,24,2015-03-22,0,4620,420,840,3360,1,0,1,1,1,1585.54,229,43,0
CLM-0941,2015-02-26,11,2015-03-09,0,46980,5220,5220,36540,2,1,1,0,1,1356.92,458,62,5000000
CLM-0942,2015-02-26,23,2015-03-21,0,5940,1080,540,4320,1,0,unknown,1,1,1416.24,194,35,0
CLM-0943,2015-02-26,30,2015-03-28,0,40800,6800,6800,27200,1,2,0,1,1,1124.59,100,33,6000000
CLM-0944,2015-02-26,17,2015-03-15,0,69400,6940,6940,55520,3,3,0,0,1,1391.63,1,33,0
CLM-0945,2015-02-26,17,2015-03-15,0,3440,430,430,2580,0,1,unknown,2,1,840.95,17,39,0
CLM-0946,2015-02-26,28,2015-03-26,1,53600,6700,6700,40200,3,1,1,0,1,1079.92,119,28,0
CLM-0947,2015-02-26,16,2015-03-14,0,51260,9320,9320,32620,1,3,0,0,1,1374.22,107,31,0
CLM-0948,2015-02-26,28,2015-03-26,0,85320,21330,7110,56880,3,1,1,0,1,974.84,257,43,0
CLM-0949,2015-02-26,15,2015-03-13,1,59800,5980,5980,47840,3,0,0,1,1,768.91,128,32,0
CLM-0950,2015-02-26,15,2015-03-13,0,7290,810,810,5670,0,0,1,2,1,1123.87,175,34,8000000
CLM-0951,2015-02-26,12,2015-03-10,1,3600,360,720,2520,1,0,0,0,1,1050.24,162,31,0
CLM-0952,2015-02-26,16,2015-03-14,0,5060,460,920,3680,1,3,unknown,0,1,766.19,456,60,0
CLM-0953,2015-02-26,28,2015-03-26,0,59500,11900,5950,41650,2,3,unknown,1,1,1625.65,330,48,0
CLM-0954,2015-02-26,17,2015-03-15,0,5000,500,500,4000,0,0,0,2,1,1106.77,286,41,0
CLM-0955,2015-02-26,19,2015-03-17,0,44190,9820,4910,29460,3,2,0,0,3,889.13,350,50,0
CLM-0956,2015-02-26,29,2015-03-27,0,61560,6840,6840,47880,3,3,unknown,1,1,1118.76,27,27,0
CLM-0957,2015-02-27,24,2015-03-23,0,48060,10680,5340,32040,2,1,unknown,2,3,1046.71,288,45,0
CLM-0958,2015-02-27,24,2015-03-23,0,51590,9380,9380,32830,3,2,1,2,3,1137.03,165,37,0
CLM-0959,2015-02-27,10,2015-03-09,1,51370,9340,4670,37360,2,1,unknown,1,3,1257.36,185,34,0
CLM-0960,2015-02-27,29,2015-03-28,0,64000,12800,6400,44800,1,0,0,0,3,1362.29,298,45,0
CLM-0961,2015-02-27,16,2015-03-15,0,4300,860,860,2580,1,1,unknown,0,1,1279.08,338,49,0
CLM-0962,2015-02-27,13,2015-03-12,0,77770,14140,14140,49490,3,0,0,1,3,991.39,153,34,0
CLM-0963,2015-02-27,15,2015-03-14,0,46200,4200,8400,33600,3,1,0,1,1,1767.02,204,40,0
CLM-0964,2015-02-27,10,2015-03-09,0,8190,1890,1260,5040,1,1,1,2,1,1220.71,122,34,0
CLM-0965,2015-02-27,14,2015-03-13,0,33480,3720,3720,26040,1,2,1,1,1,1101.85,285,48,0
CLM-0966,2015-02-27,10,2015-03-09,0,63100,6310,12620,44170,1,1,1,0,1,1219.94,316,46,7000000
CLM-0967,2015-02-27,13,2015-03-12,1,80850,7350,14700,58800,2,2,0,1,3,1459.97,111,27,5000000
CLM-0968,2015-02-27,11,2015-03-10,0,79680,13280,13280,53120,3,0,unknown,0,3,1083.64,254,45,0
CLM-0969,2015-02-27,19,2015-03-18,0,2700,300,300,2100,0,1,0,2,1,1221.41,289,45,0
CLM-0970,2015-02-27,14,2015-03-13,0,2640,480,480,1680,1,1,1,0,1,1393.57,195,39,0
CLM-0971,2015-02-28,19,2015-03-19,0,61700,6170,6170,49360,3,0,1,1,1,1097.57,292,44,0
CLM-0972,2015-02-28,10,2015-03-10,0,53020,9640,9640,33740,1,3,1,0,3,1140.31,280,41,0
CLM-0973,2015-02-28,15,2015-03-15,0,57900,5790,5790,46320,3,2,unknown,2,3,1488.26,30,36,0
CLM-0974,2015-02-28,22,2015-03-22,0,64260,0,14280,49980,3,1,1,2,3,1233.85,193,40,0
CLM-0975,2015-02-28,24,2015-03-24,0,51390,5710,11420,34260,3,1,0,2,1,1503.21,163,36,0
CLM-0976,2015-02-28,13,2015-03-13,0,35750,6500,3250,26000,3,3,1,0,1,1168.8,284,48,0
CLM-0977,2015-02-28,22,2015-03-22,1,67770,7530,15060,45180,2,2,1,0,1,1285.09,402,54,0
CLM-0978,2015-02-28,29,2015-03-29,0,6890,530,1060,5300,0,1,unknown,1,1,1383.13,41,26,0
CLM-0979,2015-02-28,24,2015-03-24,0,67210,12220,12220,42770,1,1,unknown,2,3,1380.89,101,29,0
CLM-0980,2015-02-28,17,2015-03-17,0,71640,5970,11940,53730,1,1,1,0,2,1141.1,75,27,0
CLM-0981,2015-02-28,14,2015-03-14,0,76700,7670,7670,61360,1,0,1,2,1,1722.95,342,49,0
CLM-0982,2015-02-28,24,2015-03-24,0,4500,450,450,3600,0,2,0,0,1,1342.02,150,30,0
CLM-0983,2015-02-28,13,2015-03-13,1,56430,6270,6270,43890,1,1,1,0,1,1209.07,289,46,0
CLM-0984,2015-02-28,21,2015-03-21,0,45500,9100,4550,31850,3,2,unknown,1,1,1260.32,32,26,6000000
CLM-0985,2015-02-28,22,2015-03-22,0,53460,9720,4860,38880,1,2,unknown,2,1,1390.89,254,40,5000000
CLM-0986,2015-02-28,11,2015-03-11,0,56430,0,6270,50160,2,3,unknown,2,3,1082.49,439,56,0
CLM-0987,2015-02-28,28,2015-03-28,1,67140,7460,7460,52220,2,2,unknown,2,3,1337.28,166,37,8000000
CLM-0988,2015-02-28,28,2015-03-28,0,5900,590,590,4720,0,1,0,0,1,1322.78,207,42,0
CLM-0989,2015-03-01,13,2015-03-14,0,42930,9540,4770,28620,1,0,1,1,3,1405.99,192,40,0
CLM-0990,2015-03-01,13,2015-03-14,0,51600,10320,5160,36120,2,2,1,2,1,1257.04,234,43,0
CLM-0991,2015-03-01,20,2015-03-21,1,64800,12960,6480,45360,3,2,0,2,3,1085.03,290,45,0
CLM-0992,2015-03-01,14,2015-03-15,1,68760,11460,5730,51570,3,2,unknown,2,3,1218.56,186,38,0
CLM-0993,2015-03-01,29,2015-03-30,1,60500,11000,5500,44000,3,2,1,0,2,1133.27,330,47,0
CLM-0994,2015-03-01,20,2015-03-21,0,57720,14430,9620,33670,2,1,unknown,1,2,1059.52,168,32,0
CLM-0995,2015-03-01,19,2015-03-20,0,52290,5810,11620,34860,1,1,unknown,2,3,1377.23,78,31,0
CLM-0996,2015-03-01,17,2015-03-18,0,72800,14560,14560,43680,2,2,1,0,4,979.26,140,36,0
CLM-0997,2015-03-01,15,2015-03-16,0,74200,7420,14840,51940,2,0,unknown,1,2,1207.36,118,28,0
CLM-0998,2015-03-01,15,2015-03-16,1,34160,0,4270,29890,2,3,0,0,3,1051.67,115,31,0
CLM-0999,2015-03-01,17,2015-03-18,0,56320,7040,7040,42240,3,3,0,2,3,1212.07,312,47,0
CLM-1000,2015-03-01,24,2015-03-25,0,38640,4830,4830,28980,1,2,0,0,4,878.19,405,55,0
